path	size_bytes	category	recommendation	reason
01_environment/conda/wuji_retargeting/lib/python3.11/__phello__/__pycache__	1103	REGENERABLE_CACHE	DELETE_CANDIDATE	Python bytecode cache; no deletion in Phase 0-2
01_environment/conda/wuji_retargeting/lib/python3.11/__pycache__	6069819	REGENERABLE_CACHE	DELETE_CANDIDATE	Python bytecode cache; no deletion in Phase 0-2
01_environment/conda/wuji_retargeting/lib/python3.11/asyncio/__pycache__	676260	REGENERABLE_CACHE	DELETE_CANDIDATE	Python bytecode cache; no deletion in Phase 0-2
01_environment/conda/wuji_retargeting/lib/python3.11/collections/__pycache__	78758	REGENERABLE_CACHE	DELETE_CANDIDATE	Python bytecode cache; no deletion in Phase 0-2
01_environment/conda/wuji_retargeting/lib/python3.11/concurrent/__pycache__	405	REGENERABLE_CACHE	DELETE_CANDIDATE	Python bytecode cache; no deletion in Phase 0-2
01_environment/conda/wuji_retargeting/lib/python3.11/concurrent/futures/__pycache__	88625	REGENERABLE_CACHE	DELETE_CANDIDATE	Python bytecode cache; no deletion in Phase 0-2
01_environment/conda/wuji_retargeting/lib/python3.11/config-3.11-x86_64-linux-gnu/__pycache__	4081	REGENERABLE_CACHE	DELETE_CANDIDATE	Python bytecode cache; no deletion in Phase 0-2
01_environment/conda/wuji_retargeting/lib/python3.11/ctypes/__pycache__	73383	REGENERABLE_CACHE	DELETE_CANDIDATE	Python bytecode cache; no deletion in Phase 0-2
01_environment/conda/wuji_retargeting/lib/python3.11/ctypes/macholib/__pycache__	12013	REGENERABLE_CACHE	DELETE_CANDIDATE	Python bytecode cache; no deletion in Phase 0-2
01_environment/conda/wuji_retargeting/lib/python3.11/curses/__pycache__	30365	REGENERABLE_CACHE	DELETE_CANDIDATE	Python bytecode cache; no deletion in Phase 0-2
01_environment/conda/wuji_retargeting/lib/python3.11/dbm/__pycache__	22994	REGENERABLE_CACHE	DELETE_CANDIDATE	Python bytecode cache; no deletion in Phase 0-2
01_environment/conda/wuji_retargeting/lib/python3.11/distutils/__pycache__	424099	REGENERABLE_CACHE	DELETE_CANDIDATE	Python bytecode cache; no deletion in Phase 0-2
01_environment/conda/wuji_retargeting/lib/python3.11/distutils/command/__pycache__	232776	REGENERABLE_CACHE	DELETE_CANDIDATE	Python bytecode cache; no deletion in Phase 0-2
01_environment/conda/wuji_retargeting/lib/python3.11/distutils/tests/__pycache__	411743	REGENERABLE_CACHE	DELETE_CANDIDATE	Python bytecode cache; no deletion in Phase 0-2
01_environment/conda/wuji_retargeting/lib/python3.11/email/__pycache__	473264	REGENERABLE_CACHE	DELETE_CANDIDATE	Python bytecode cache; no deletion in Phase 0-2
01_environment/conda/wuji_retargeting/lib/python3.11/email/mime/__pycache__	21167	REGENERABLE_CACHE	DELETE_CANDIDATE	Python bytecode cache; no deletion in Phase 0-2
01_environment/conda/wuji_retargeting/lib/python3.11/encodings/__pycache__	628043	REGENERABLE_CACHE	DELETE_CANDIDATE	Python bytecode cache; no deletion in Phase 0-2
01_environment/conda/wuji_retargeting/lib/python3.11/ensurepip/__pycache__	13060	REGENERABLE_CACHE	DELETE_CANDIDATE	Python bytecode cache; no deletion in Phase 0-2
01_environment/conda/wuji_retargeting/lib/python3.11/html/__pycache__	128067	REGENERABLE_CACHE	DELETE_CANDIDATE	Python bytecode cache; no deletion in Phase 0-2
01_environment/conda/wuji_retargeting/lib/python3.11/http/__pycache__	244272	REGENERABLE_CACHE	DELETE_CANDIDATE	Python bytecode cache; no deletion in Phase 0-2
01_environment/conda/wuji_retargeting/lib/python3.11/idlelib/__pycache__	1092067	REGENERABLE_CACHE	DELETE_CANDIDATE	Python bytecode cache; no deletion in Phase 0-2
01_environment/conda/wuji_retargeting/lib/python3.11/idlelib/idle_test/__pycache__	902485	REGENERABLE_CACHE	DELETE_CANDIDATE	Python bytecode cache; no deletion in Phase 0-2
01_environment/conda/wuji_retargeting/lib/python3.11/importlib/__pycache__	172692	REGENERABLE_CACHE	DELETE_CANDIDATE	Python bytecode cache; no deletion in Phase 0-2
01_environment/conda/wuji_retargeting/lib/python3.11/importlib/metadata/__pycache__	78998	REGENERABLE_CACHE	DELETE_CANDIDATE	Python bytecode cache; no deletion in Phase 0-2
01_environment/conda/wuji_retargeting/lib/python3.11/importlib/resources/__pycache__	48661	REGENERABLE_CACHE	DELETE_CANDIDATE	Python bytecode cache; no deletion in Phase 0-2
01_environment/conda/wuji_retargeting/lib/python3.11/json/__pycache__	54837	REGENERABLE_CACHE	DELETE_CANDIDATE	Python bytecode cache; no deletion in Phase 0-2
01_environment/conda/wuji_retargeting/lib/python3.11/lib2to3/__pycache__	155777	REGENERABLE_CACHE	DELETE_CANDIDATE	Python bytecode cache; no deletion in Phase 0-2
01_environment/conda/wuji_retargeting/lib/python3.11/lib2to3/fixes/__pycache__	167289	REGENERABLE_CACHE	DELETE_CANDIDATE	Python bytecode cache; no deletion in Phase 0-2
01_environment/conda/wuji_retargeting/lib/python3.11/lib2to3/pgen2/__pycache__	89393	REGENERABLE_CACHE	DELETE_CANDIDATE	Python bytecode cache; no deletion in Phase 0-2
01_environment/conda/wuji_retargeting/lib/python3.11/lib2to3/tests/__pycache__	375895	REGENERABLE_CACHE	DELETE_CANDIDATE	Python bytecode cache; no deletion in Phase 0-2
01_environment/conda/wuji_retargeting/lib/python3.11/lib2to3/tests/data/__pycache__	198928	REGENERABLE_CACHE	DELETE_CANDIDATE	Python bytecode cache; no deletion in Phase 0-2
01_environment/conda/wuji_retargeting/lib/python3.11/lib2to3/tests/data/fixers/__pycache__	1701	REGENERABLE_CACHE	DELETE_CANDIDATE	Python bytecode cache; no deletion in Phase 0-2
01_environment/conda/wuji_retargeting/lib/python3.11/lib2to3/tests/data/fixers/myfixes/__pycache__	4680	REGENERABLE_CACHE	DELETE_CANDIDATE	Python bytecode cache; no deletion in Phase 0-2
01_environment/conda/wuji_retargeting/lib/python3.11/logging/__pycache__	214399	REGENERABLE_CACHE	DELETE_CANDIDATE	Python bytecode cache; no deletion in Phase 0-2
01_environment/conda/wuji_retargeting/lib/python3.11/multiprocessing/__pycache__	412558	REGENERABLE_CACHE	DELETE_CANDIDATE	Python bytecode cache; no deletion in Phase 0-2
01_environment/conda/wuji_retargeting/lib/python3.11/multiprocessing/dummy/__pycache__	10719	REGENERABLE_CACHE	DELETE_CANDIDATE	Python bytecode cache; no deletion in Phase 0-2
01_environment/conda/wuji_retargeting/lib/python3.11/pydoc_data/__pycache__	483962	REGENERABLE_CACHE	DELETE_CANDIDATE	Python bytecode cache; no deletion in Phase 0-2
01_environment/conda/wuji_retargeting/lib/python3.11/re/__pycache__	109870	REGENERABLE_CACHE	DELETE_CANDIDATE	Python bytecode cache; no deletion in Phase 0-2
01_environment/conda/wuji_retargeting/lib/python3.11/site-packages/__pycache__	22503	REGENERABLE_CACHE	DELETE_CANDIDATE	Python bytecode cache; no deletion in Phase 0-2
01_environment/conda/wuji_retargeting/lib/python3.11/site-packages/_distutils_hack/__pycache__	12214	REGENERABLE_CACHE	DELETE_CANDIDATE	Python bytecode cache; no deletion in Phase 0-2
01_environment/conda/wuji_retargeting/lib/python3.11/site-packages/_yaml/__pycache__	980	REGENERABLE_CACHE	DELETE_CANDIDATE	Python bytecode cache; no deletion in Phase 0-2
01_environment/conda/wuji_retargeting/lib/python3.11/site-packages/cmeel/__pycache__	74640	REGENERABLE_CACHE	DELETE_CANDIDATE	Python bytecode cache; no deletion in Phase 0-2
01_environment/conda/wuji_retargeting/lib/python3.11/site-packages/cmeel.prefix/lib/python3.11/site-packages/coal/__pycache__	12922	REGENERABLE_CACHE	DELETE_CANDIDATE	Python bytecode cache; no deletion in Phase 0-2
01_environment/conda/wuji_retargeting/lib/python3.11/site-packages/cmeel.prefix/lib/python3.11/site-packages/eigenpy/__pycache__	3934	REGENERABLE_CACHE	DELETE_CANDIDATE	Python bytecode cache; no deletion in Phase 0-2
01_environment/conda/wuji_retargeting/lib/python3.11/site-packages/cmeel.prefix/lib/python3.11/site-packages/hppfcl/__pycache__	1122	REGENERABLE_CACHE	DELETE_CANDIDATE	Python bytecode cache; no deletion in Phase 0-2
01_environment/conda/wuji_retargeting/lib/python3.11/site-packages/cmeel.prefix/lib/python3.11/site-packages/pinocchio/__pycache__	52860	REGENERABLE_CACHE	DELETE_CANDIDATE	Python bytecode cache; no deletion in Phase 0-2
01_environment/conda/wuji_retargeting/lib/python3.11/site-packages/cmeel.prefix/lib/python3.11/site-packages/pinocchio/derivative/__pycache__	37055	REGENERABLE_CACHE	DELETE_CANDIDATE	Python bytecode cache; no deletion in Phase 0-2
01_environment/conda/wuji_retargeting/lib/python3.11/site-packages/cmeel.prefix/lib/python3.11/site-packages/pinocchio/visualize/__pycache__	133780	REGENERABLE_CACHE	DELETE_CANDIDATE	Python bytecode cache; no deletion in Phase 0-2
01_environment/conda/wuji_retargeting/lib/python3.11/site-packages/lxml/__pycache__	75902	REGENERABLE_CACHE	DELETE_CANDIDATE	Python bytecode cache; no deletion in Phase 0-2
01_environment/conda/wuji_retargeting/lib/python3.11/site-packages/lxml/html/__pycache__	275970	REGENERABLE_CACHE	DELETE_CANDIDATE	Python bytecode cache; no deletion in Phase 0-2
01_environment/conda/wuji_retargeting/lib/python3.11/site-packages/lxml/includes/__pycache__	239	REGENERABLE_CACHE	DELETE_CANDIDATE	Python bytecode cache; no deletion in Phase 0-2
01_environment/conda/wuji_retargeting/lib/python3.11/site-packages/lxml/includes/extlibs/__pycache__	247	REGENERABLE_CACHE	DELETE_CANDIDATE	Python bytecode cache; no deletion in Phase 0-2
01_environment/conda/wuji_retargeting/lib/python3.11/site-packages/lxml/includes/libexslt/__pycache__	248	REGENERABLE_CACHE	DELETE_CANDIDATE	Python bytecode cache; no deletion in Phase 0-2
01_environment/conda/wuji_retargeting/lib/python3.11/site-packages/lxml/includes/libxml/__pycache__	246	REGENERABLE_CACHE	DELETE_CANDIDATE	Python bytecode cache; no deletion in Phase 0-2
01_environment/conda/wuji_retargeting/lib/python3.11/site-packages/lxml/includes/libxslt/__pycache__	247	REGENERABLE_CACHE	DELETE_CANDIDATE	Python bytecode cache; no deletion in Phase 0-2
01_environment/conda/wuji_retargeting/lib/python3.11/site-packages/lxml/isoschematron/__pycache__	14629	REGENERABLE_CACHE	DELETE_CANDIDATE	Python bytecode cache; no deletion in Phase 0-2
01_environment/conda/wuji_retargeting/lib/python3.11/site-packages/nlopt/__pycache__	47249	REGENERABLE_CACHE	DELETE_CANDIDATE	Python bytecode cache; no deletion in Phase 0-2
01_environment/conda/wuji_retargeting/lib/python3.11/site-packages/numpy/__pycache__	106470	REGENERABLE_CACHE	DELETE_CANDIDATE	Python bytecode cache; no deletion in Phase 0-2
01_environment/conda/wuji_retargeting/lib/python3.11/site-packages/numpy/_core/__pycache__	1078294	REGENERABLE_CACHE	DELETE_CANDIDATE	Python bytecode cache; no deletion in Phase 0-2
01_environment/conda/wuji_retargeting/lib/python3.11/site-packages/numpy/_core/tests/__pycache__	4216847	REGENERABLE_CACHE	DELETE_CANDIDATE	Python bytecode cache; no deletion in Phase 0-2
01_environment/conda/wuji_retargeting/lib/python3.11/site-packages/numpy/_core/tests/examples/cython/__pycache__	1449	REGENERABLE_CACHE	DELETE_CANDIDATE	Python bytecode cache; no deletion in Phase 0-2
01_environment/conda/wuji_retargeting/lib/python3.11/site-packages/numpy/_core/tests/examples/limited_api/__pycache__	940	REGENERABLE_CACHE	DELETE_CANDIDATE	Python bytecode cache; no deletion in Phase 0-2
01_environment/conda/wuji_retargeting/lib/python3.11/site-packages/numpy/_pyinstaller/__pycache__	1302	REGENERABLE_CACHE	DELETE_CANDIDATE	Python bytecode cache; no deletion in Phase 0-2
01_environment/conda/wuji_retargeting/lib/python3.11/site-packages/numpy/_pyinstaller/tests/__pycache__	5492	REGENERABLE_CACHE	DELETE_CANDIDATE	Python bytecode cache; no deletion in Phase 0-2
01_environment/conda/wuji_retargeting/lib/python3.11/site-packages/numpy/_typing/__pycache__	43344	REGENERABLE_CACHE	DELETE_CANDIDATE	Python bytecode cache; no deletion in Phase 0-2
01_environment/conda/wuji_retargeting/lib/python3.11/site-packages/numpy/_utils/__pycache__	36490	REGENERABLE_CACHE	DELETE_CANDIDATE	Python bytecode cache; no deletion in Phase 0-2
01_environment/conda/wuji_retargeting/lib/python3.11/site-packages/numpy/char/__pycache__	355	REGENERABLE_CACHE	DELETE_CANDIDATE	Python bytecode cache; no deletion in Phase 0-2
01_environment/conda/wuji_retargeting/lib/python3.11/site-packages/numpy/core/__pycache__	17872	REGENERABLE_CACHE	DELETE_CANDIDATE	Python bytecode cache; no deletion in Phase 0-2
01_environment/conda/wuji_retargeting/lib/python3.11/site-packages/numpy/ctypeslib/__pycache__	24181	REGENERABLE_CACHE	DELETE_CANDIDATE	Python bytecode cache; no deletion in Phase 0-2
01_environment/conda/wuji_retargeting/lib/python3.11/site-packages/numpy/distutils/__pycache__	630172	REGENERABLE_CACHE	DELETE_CANDIDATE	Python bytecode cache; no deletion in Phase 0-2
01_environment/conda/wuji_retargeting/lib/python3.11/site-packages/numpy/distutils/command/__pycache__	151902	REGENERABLE_CACHE	DELETE_CANDIDATE	Python bytecode cache; no deletion in Phase 0-2
01_environment/conda/wuji_retargeting/lib/python3.11/site-packages/numpy/distutils/fcompiler/__pycache__	144315	REGENERABLE_CACHE	DELETE_CANDIDATE	Python bytecode cache; no deletion in Phase 0-2
01_environment/conda/wuji_retargeting/lib/python3.11/site-packages/numpy/distutils/tests/__pycache__	121279	REGENERABLE_CACHE	DELETE_CANDIDATE	Python bytecode cache; no deletion in Phase 0-2
01_environment/conda/wuji_retargeting/lib/python3.11/site-packages/numpy/doc/__pycache__	5667	REGENERABLE_CACHE	DELETE_CANDIDATE	Python bytecode cache; no deletion in Phase 0-2
01_environment/conda/wuji_retargeting/lib/python3.11/site-packages/numpy/f2py/__pycache__	588141	REGENERABLE_CACHE	DELETE_CANDIDATE	Python bytecode cache; no deletion in Phase 0-2
01_environment/conda/wuji_retargeting/lib/python3.11/site-packages/numpy/f2py/_backends/__pycache__	21644	REGENERABLE_CACHE	DELETE_CANDIDATE	Python bytecode cache; no deletion in Phase 0-2
01_environment/conda/wuji_retargeting/lib/python3.11/site-packages/numpy/f2py/tests/__pycache__	338913	REGENERABLE_CACHE	DELETE_CANDIDATE	Python bytecode cache; no deletion in Phase 0-2
01_environment/conda/wuji_retargeting/lib/python3.11/site-packages/numpy/fft/__pycache__	85114	REGENERABLE_CACHE	DELETE_CANDIDATE	Python bytecode cache; no deletion in Phase 0-2
01_environment/conda/wuji_retargeting/lib/python3.11/site-packages/numpy/fft/tests/__pycache__	63067	REGENERABLE_CACHE	DELETE_CANDIDATE	Python bytecode cache; no deletion in Phase 0-2
01_environment/conda/wuji_retargeting/lib/python3.11/site-packages/numpy/lib/__pycache__	1035728	REGENERABLE_CACHE	DELETE_CANDIDATE	Python bytecode cache; no deletion in Phase 0-2
01_environment/conda/wuji_retargeting/lib/python3.11/site-packages/numpy/lib/tests/__pycache__	1421260	REGENERABLE_CACHE	DELETE_CANDIDATE	Python bytecode cache; no deletion in Phase 0-2
01_environment/conda/wuji_retargeting/lib/python3.11/site-packages/numpy/linalg/__pycache__	138833	REGENERABLE_CACHE	DELETE_CANDIDATE	Python bytecode cache; no deletion in Phase 0-2
01_environment/conda/wuji_retargeting/lib/python3.11/site-packages/numpy/linalg/tests/__pycache__	176501	REGENERABLE_CACHE	DELETE_CANDIDATE	Python bytecode cache; no deletion in Phase 0-2
01_environment/conda/wuji_retargeting/lib/python3.11/site-packages/numpy/ma/__pycache__	471340	REGENERABLE_CACHE	DELETE_CANDIDATE	Python bytecode cache; no deletion in Phase 0-2
01_environment/conda/wuji_retargeting/lib/python3.11/site-packages/numpy/ma/tests/__pycache__	708833	REGENERABLE_CACHE	DELETE_CANDIDATE	Python bytecode cache; no deletion in Phase 0-2
01_environment/conda/wuji_retargeting/lib/python3.11/site-packages/numpy/matrixlib/__pycache__	38363	REGENERABLE_CACHE	DELETE_CANDIDATE	Python bytecode cache; no deletion in Phase 0-2
01_environment/conda/wuji_retargeting/lib/python3.11/site-packages/numpy/matrixlib/tests/__pycache__	92991	REGENERABLE_CACHE	DELETE_CANDIDATE	Python bytecode cache; no deletion in Phase 0-2
01_environment/conda/wuji_retargeting/lib/python3.11/site-packages/numpy/polynomial/__pycache__	469277	REGENERABLE_CACHE	DELETE_CANDIDATE	Python bytecode cache; no deletion in Phase 0-2
01_environment/conda/wuji_retargeting/lib/python3.11/site-packages/numpy/polynomial/tests/__pycache__	340129	REGENERABLE_CACHE	DELETE_CANDIDATE	Python bytecode cache; no deletion in Phase 0-2
01_environment/conda/wuji_retargeting/lib/python3.11/site-packages/numpy/random/__pycache__	11058	REGENERABLE_CACHE	DELETE_CANDIDATE	Python bytecode cache; no deletion in Phase 0-2
01_environment/conda/wuji_retargeting/lib/python3.11/site-packages/numpy/random/_examples/cffi/__pycache__	4570	REGENERABLE_CACHE	DELETE_CANDIDATE	Python bytecode cache; no deletion in Phase 0-2
01_environment/conda/wuji_retargeting/lib/python3.11/site-packages/numpy/random/_examples/numba/__pycache__	7123	REGENERABLE_CACHE	DELETE_CANDIDATE	Python bytecode cache; no deletion in Phase 0-2
01_environment/conda/wuji_retargeting/lib/python3.11/site-packages/numpy/random/tests/__pycache__	622501	REGENERABLE_CACHE	DELETE_CANDIDATE	Python bytecode cache; no deletion in Phase 0-2
01_environment/conda/wuji_retargeting/lib/python3.11/site-packages/numpy/random/tests/data/__pycache__	249	REGENERABLE_CACHE	DELETE_CANDIDATE	Python bytecode cache; no deletion in Phase 0-2
01_environment/conda/wuji_retargeting/lib/python3.11/site-packages/numpy/rec/__pycache__	349	REGENERABLE_CACHE	DELETE_CANDIDATE	Python bytecode cache; no deletion in Phase 0-2
01_environment/conda/wuji_retargeting/lib/python3.11/site-packages/numpy/strings/__pycache__	353	REGENERABLE_CACHE	DELETE_CANDIDATE	Python bytecode cache; no deletion in Phase 0-2
01_environment/conda/wuji_retargeting/lib/python3.11/site-packages/numpy/testing/__pycache__	13550	REGENERABLE_CACHE	DELETE_CANDIDATE	Python bytecode cache; no deletion in Phase 0-2
01_environment/conda/wuji_retargeting/lib/python3.11/site-packages/numpy/testing/_private/__pycache__	126784	REGENERABLE_CACHE	DELETE_CANDIDATE	Python bytecode cache; no deletion in Phase 0-2
01_environment/conda/wuji_retargeting/lib/python3.11/site-packages/numpy/testing/tests/__pycache__	138767	REGENERABLE_CACHE	DELETE_CANDIDATE	Python bytecode cache; no deletion in Phase 0-2
01_environment/conda/wuji_retargeting/lib/python3.11/site-packages/numpy/tests/__pycache__	81249	REGENERABLE_CACHE	DELETE_CANDIDATE	Python bytecode cache; no deletion in Phase 0-2
01_environment/conda/wuji_retargeting/lib/python3.11/site-packages/numpy/typing/__pycache__	16313	REGENERABLE_CACHE	DELETE_CANDIDATE	Python bytecode cache; no deletion in Phase 0-2
01_environment/conda/wuji_retargeting/lib/python3.11/site-packages/numpy/typing/tests/__pycache__	18740	REGENERABLE_CACHE	DELETE_CANDIDATE	Python bytecode cache; no deletion in Phase 0-2
01_environment/conda/wuji_retargeting/lib/python3.11/site-packages/numpy/typing/tests/data/pass/__pycache__	247091	REGENERABLE_CACHE	DELETE_CANDIDATE	Python bytecode cache; no deletion in Phase 0-2
01_environment/conda/wuji_retargeting/lib/python3.11/site-packages/packaging/__pycache__	249895	REGENERABLE_CACHE	DELETE_CANDIDATE	Python bytecode cache; no deletion in Phase 0-2
01_environment/conda/wuji_retargeting/lib/python3.11/site-packages/packaging/licenses/__pycache__	57805	REGENERABLE_CACHE	DELETE_CANDIDATE	Python bytecode cache; no deletion in Phase 0-2
01_environment/conda/wuji_retargeting/lib/python3.11/site-packages/pip/__pycache__	4073	REGENERABLE_CACHE	DELETE_CANDIDATE	Python bytecode cache; no deletion in Phase 0-2
01_environment/conda/wuji_retargeting/lib/python3.11/site-packages/pip/_internal/__pycache__	141665	REGENERABLE_CACHE	DELETE_CANDIDATE	Python bytecode cache; no deletion in Phase 0-2
01_environment/conda/wuji_retargeting/lib/python3.11/site-packages/pip/_internal/cli/__pycache__	143446	REGENERABLE_CACHE	DELETE_CANDIDATE	Python bytecode cache; no deletion in Phase 0-2
01_environment/conda/wuji_retargeting/lib/python3.11/site-packages/pip/_internal/commands/__pycache__	183193	REGENERABLE_CACHE	DELETE_CANDIDATE	Python bytecode cache; no deletion in Phase 0-2
01_environment/conda/wuji_retargeting/lib/python3.11/site-packages/pip/_internal/distributions/__pycache__	17738	REGENERABLE_CACHE	DELETE_CANDIDATE	Python bytecode cache; no deletion in Phase 0-2
01_environment/conda/wuji_retargeting/lib/python3.11/site-packages/pip/_internal/index/__pycache__	83631	REGENERABLE_CACHE	DELETE_CANDIDATE	Python bytecode cache; no deletion in Phase 0-2
01_environment/conda/wuji_retargeting/lib/python3.11/site-packages/pip/_internal/locations/__pycache__	36329	REGENERABLE_CACHE	DELETE_CANDIDATE	Python bytecode cache; no deletion in Phase 0-2
01_environment/conda/wuji_retargeting/lib/python3.11/site-packages/pip/_internal/metadata/__pycache__	66435	REGENERABLE_CACHE	DELETE_CANDIDATE	Python bytecode cache; no deletion in Phase 0-2
01_environment/conda/wuji_retargeting/lib/python3.11/site-packages/pip/_internal/metadata/importlib/__pycache__	28657	REGENERABLE_CACHE	DELETE_CANDIDATE	Python bytecode cache; no deletion in Phase 0-2
01_environment/conda/wuji_retargeting/lib/python3.11/site-packages/pip/_internal/models/__pycache__	66017	REGENERABLE_CACHE	DELETE_CANDIDATE	Python bytecode cache; no deletion in Phase 0-2
01_environment/conda/wuji_retargeting/lib/python3.11/site-packages/pip/_internal/network/__pycache__	91323	REGENERABLE_CACHE	DELETE_CANDIDATE	Python bytecode cache; no deletion in Phase 0-2
01_environment/conda/wuji_retargeting/lib/python3.11/site-packages/pip/_internal/operations/__pycache__	47982	REGENERABLE_CACHE	DELETE_CANDIDATE	Python bytecode cache; no deletion in Phase 0-2
01_environment/conda/wuji_retargeting/lib/python3.11/site-packages/pip/_internal/operations/build/__pycache__	17696	REGENERABLE_CACHE	DELETE_CANDIDATE	Python bytecode cache; no deletion in Phase 0-2
01_environment/conda/wuji_retargeting/lib/python3.11/site-packages/pip/_internal/operations/install/__pycache__	41044	REGENERABLE_CACHE	DELETE_CANDIDATE	Python bytecode cache; no deletion in Phase 0-2
01_environment/conda/wuji_retargeting/lib/python3.11/site-packages/pip/_internal/req/__pycache__	144652	REGENERABLE_CACHE	DELETE_CANDIDATE	Python bytecode cache; no deletion in Phase 0-2
01_environment/conda/wuji_retargeting/lib/python3.11/site-packages/pip/_internal/resolution/__pycache__	1499	REGENERABLE_CACHE	DELETE_CANDIDATE	Python bytecode cache; no deletion in Phase 0-2
01_environment/conda/wuji_retargeting/lib/python3.11/site-packages/pip/_internal/resolution/legacy/__pycache__	23699	REGENERABLE_CACHE	DELETE_CANDIDATE	Python bytecode cache; no deletion in Phase 0-2
01_environment/conda/wuji_retargeting/lib/python3.11/site-packages/pip/_internal/resolution/resolvelib/__pycache__	139222	REGENERABLE_CACHE	DELETE_CANDIDATE	Python bytecode cache; no deletion in Phase 0-2
01_environment/conda/wuji_retargeting/lib/python3.11/site-packages/pip/_internal/utils/__pycache__	186386	REGENERABLE_CACHE	DELETE_CANDIDATE	Python bytecode cache; no deletion in Phase 0-2
01_environment/conda/wuji_retargeting/lib/python3.11/site-packages/pip/_internal/vcs/__pycache__	83015	REGENERABLE_CACHE	DELETE_CANDIDATE	Python bytecode cache; no deletion in Phase 0-2
01_environment/conda/wuji_retargeting/lib/python3.11/site-packages/pip/_vendor/__pycache__	5454	REGENERABLE_CACHE	DELETE_CANDIDATE	Python bytecode cache; no deletion in Phase 0-2
01_environment/conda/wuji_retargeting/lib/python3.11/site-packages/pip/_vendor/cachecontrol/__pycache__	54156	REGENERABLE_CACHE	DELETE_CANDIDATE	Python bytecode cache; no deletion in Phase 0-2
01_environment/conda/wuji_retargeting/lib/python3.11/site-packages/pip/_vendor/cachecontrol/caches/__pycache__	11679	REGENERABLE_CACHE	DELETE_CANDIDATE	Python bytecode cache; no deletion in Phase 0-2
01_environment/conda/wuji_retargeting/lib/python3.11/site-packages/pip/_vendor/certifi/__pycache__	3410	REGENERABLE_CACHE	DELETE_CANDIDATE	Python bytecode cache; no deletion in Phase 0-2
01_environment/conda/wuji_retargeting/lib/python3.11/site-packages/pip/_vendor/distlib/__pycache__	192390	REGENERABLE_CACHE	DELETE_CANDIDATE	Python bytecode cache; no deletion in Phase 0-2
01_environment/conda/wuji_retargeting/lib/python3.11/site-packages/pip/_vendor/distro/__pycache__	59259	REGENERABLE_CACHE	DELETE_CANDIDATE	Python bytecode cache; no deletion in Phase 0-2
01_environment/conda/wuji_retargeting/lib/python3.11/site-packages/pip/_vendor/idna/__pycache__	299470	REGENERABLE_CACHE	DELETE_CANDIDATE	Python bytecode cache; no deletion in Phase 0-2
01_environment/conda/wuji_retargeting/lib/python3.11/site-packages/pip/_vendor/msgpack/__pycache__	57739	REGENERABLE_CACHE	DELETE_CANDIDATE	Python bytecode cache; no deletion in Phase 0-2
01_environment/conda/wuji_retargeting/lib/python3.11/site-packages/pip/_vendor/packaging/__pycache__	366937	REGENERABLE_CACHE	DELETE_CANDIDATE	Python bytecode cache; no deletion in Phase 0-2
01_environment/conda/wuji_retargeting/lib/python3.11/site-packages/pip/_vendor/packaging/licenses/__pycache__	59249	REGENERABLE_CACHE	DELETE_CANDIDATE	Python bytecode cache; no deletion in Phase 0-2
01_environment/conda/wuji_retargeting/lib/python3.11/site-packages/pip/_vendor/pkg_resources/__pycache__	176801	REGENERABLE_CACHE	DELETE_CANDIDATE	Python bytecode cache; no deletion in Phase 0-2
01_environment/conda/wuji_retargeting/lib/python3.11/site-packages/pip/_vendor/platformdirs/__pycache__	89323	REGENERABLE_CACHE	DELETE_CANDIDATE	Python bytecode cache; no deletion in Phase 0-2
01_environment/conda/wuji_retargeting/lib/python3.11/site-packages/pip/_vendor/pygments/__pycache__	151184	REGENERABLE_CACHE	DELETE_CANDIDATE	Python bytecode cache; no deletion in Phase 0-2
01_environment/conda/wuji_retargeting/lib/python3.11/site-packages/pip/_vendor/pygments/filters/__pycache__	40134	REGENERABLE_CACHE	DELETE_CANDIDATE	Python bytecode cache; no deletion in Phase 0-2
01_environment/conda/wuji_retargeting/lib/python3.11/site-packages/pip/_vendor/pygments/formatters/__pycache__	11943	REGENERABLE_CACHE	DELETE_CANDIDATE	Python bytecode cache; no deletion in Phase 0-2
01_environment/conda/wuji_retargeting/lib/python3.11/site-packages/pip/_vendor/pygments/lexers/__pycache__	130223	REGENERABLE_CACHE	DELETE_CANDIDATE	Python bytecode cache; no deletion in Phase 0-2
01_environment/conda/wuji_retargeting/lib/python3.11/site-packages/pip/_vendor/pygments/styles/__pycache__	6720	REGENERABLE_CACHE	DELETE_CANDIDATE	Python bytecode cache; no deletion in Phase 0-2
01_environment/conda/wuji_retargeting/lib/python3.11/site-packages/pip/_vendor/pyproject_hooks/__pycache__	21260	REGENERABLE_CACHE	DELETE_CANDIDATE	Python bytecode cache; no deletion in Phase 0-2
01_environment/conda/wuji_retargeting/lib/python3.11/site-packages/pip/_vendor/pyproject_hooks/_in_process/__pycache__	18568	REGENERABLE_CACHE	DELETE_CANDIDATE	Python bytecode cache; no deletion in Phase 0-2
01_environment/conda/wuji_retargeting/lib/python3.11/site-packages/pip/_vendor/requests/__pycache__	227974	REGENERABLE_CACHE	DELETE_CANDIDATE	Python bytecode cache; no deletion in Phase 0-2
01_environment/conda/wuji_retargeting/lib/python3.11/site-packages/pip/_vendor/resolvelib/__pycache__	28911	REGENERABLE_CACHE	DELETE_CANDIDATE	Python bytecode cache; no deletion in Phase 0-2
01_environment/conda/wuji_retargeting/lib/python3.11/site-packages/pip/_vendor/resolvelib/resolvers/__pycache__	40212	REGENERABLE_CACHE	DELETE_CANDIDATE	Python bytecode cache; no deletion in Phase 0-2
01_environment/conda/wuji_retargeting/lib/python3.11/site-packages/pip/_vendor/rich/__pycache__	1225808	REGENERABLE_CACHE	DELETE_CANDIDATE	Python bytecode cache; no deletion in Phase 0-2
01_environment/conda/wuji_retargeting/lib/python3.11/site-packages/pip/_vendor/tomli/__pycache__	39267	REGENERABLE_CACHE	DELETE_CANDIDATE	Python bytecode cache; no deletion in Phase 0-2
01_environment/conda/wuji_retargeting/lib/python3.11/site-packages/pip/_vendor/tomli_w/__pycache__	12320	REGENERABLE_CACHE	DELETE_CANDIDATE	Python bytecode cache; no deletion in Phase 0-2
01_environment/conda/wuji_retargeting/lib/python3.11/site-packages/pip/_vendor/truststore/__pycache__	61169	REGENERABLE_CACHE	DELETE_CANDIDATE	Python bytecode cache; no deletion in Phase 0-2
01_environment/conda/wuji_retargeting/lib/python3.11/site-packages/pip/_vendor/urllib3/__pycache__	258921	REGENERABLE_CACHE	DELETE_CANDIDATE	Python bytecode cache; no deletion in Phase 0-2
01_environment/conda/wuji_retargeting/lib/python3.11/site-packages/pip/_vendor/urllib3/contrib/__pycache__	38414	REGENERABLE_CACHE	DELETE_CANDIDATE	Python bytecode cache; no deletion in Phase 0-2
01_environment/conda/wuji_retargeting/lib/python3.11/site-packages/pip/_vendor/urllib3/contrib/emscripten/__pycache__	57702	REGENERABLE_CACHE	DELETE_CANDIDATE	Python bytecode cache; no deletion in Phase 0-2
01_environment/conda/wuji_retargeting/lib/python3.11/site-packages/pip/_vendor/urllib3/http2/__pycache__	25347	REGENERABLE_CACHE	DELETE_CANDIDATE	Python bytecode cache; no deletion in Phase 0-2
01_environment/conda/wuji_retargeting/lib/python3.11/site-packages/pip/_vendor/urllib3/util/__pycache__	115978	REGENERABLE_CACHE	DELETE_CANDIDATE	Python bytecode cache; no deletion in Phase 0-2
01_environment/conda/wuji_retargeting/lib/python3.11/site-packages/pyglet/__pycache__	291169	REGENERABLE_CACHE	DELETE_CANDIDATE	Python bytecode cache; no deletion in Phase 0-2
01_environment/conda/wuji_retargeting/lib/python3.11/site-packages/pyglet/app/__pycache__	45085	REGENERABLE_CACHE	DELETE_CANDIDATE	Python bytecode cache; no deletion in Phase 0-2
01_environment/conda/wuji_retargeting/lib/python3.11/site-packages/pyglet/canvas/__pycache__	58419	REGENERABLE_CACHE	DELETE_CANDIDATE	Python bytecode cache; no deletion in Phase 0-2
01_environment/conda/wuji_retargeting/lib/python3.11/site-packages/pyglet/extlibs/__pycache__	94892	REGENERABLE_CACHE	DELETE_CANDIDATE	Python bytecode cache; no deletion in Phase 0-2
01_environment/conda/wuji_retargeting/lib/python3.11/site-packages/pyglet/font/__pycache__	290835	REGENERABLE_CACHE	DELETE_CANDIDATE	Python bytecode cache; no deletion in Phase 0-2
01_environment/conda/wuji_retargeting/lib/python3.11/site-packages/pyglet/gl/__pycache__	1632617	REGENERABLE_CACHE	DELETE_CANDIDATE	Python bytecode cache; no deletion in Phase 0-2
01_environment/conda/wuji_retargeting/lib/python3.11/site-packages/pyglet/graphics/__pycache__	138663	REGENERABLE_CACHE	DELETE_CANDIDATE	Python bytecode cache; no deletion in Phase 0-2
01_environment/conda/wuji_retargeting/lib/python3.11/site-packages/pyglet/gui/__pycache__	48113	REGENERABLE_CACHE	DELETE_CANDIDATE	Python bytecode cache; no deletion in Phase 0-2
01_environment/conda/wuji_retargeting/lib/python3.11/site-packages/pyglet/image/__pycache__	130682	REGENERABLE_CACHE	DELETE_CANDIDATE	Python bytecode cache; no deletion in Phase 0-2
01_environment/conda/wuji_retargeting/lib/python3.11/site-packages/pyglet/image/codecs/__pycache__	131588	REGENERABLE_CACHE	DELETE_CANDIDATE	Python bytecode cache; no deletion in Phase 0-2
01_environment/conda/wuji_retargeting/lib/python3.11/site-packages/pyglet/input/__pycache__	154178	REGENERABLE_CACHE	DELETE_CANDIDATE	Python bytecode cache; no deletion in Phase 0-2
01_environment/conda/wuji_retargeting/lib/python3.11/site-packages/pyglet/libs/__pycache__	237	REGENERABLE_CACHE	DELETE_CANDIDATE	Python bytecode cache; no deletion in Phase 0-2
01_environment/conda/wuji_retargeting/lib/python3.11/site-packages/pyglet/libs/darwin/__pycache__	17119	REGENERABLE_CACHE	DELETE_CANDIDATE	Python bytecode cache; no deletion in Phase 0-2
01_environment/conda/wuji_retargeting/lib/python3.11/site-packages/pyglet/libs/darwin/cocoapy/__pycache__	79561	REGENERABLE_CACHE	DELETE_CANDIDATE	Python bytecode cache; no deletion in Phase 0-2
01_environment/conda/wuji_retargeting/lib/python3.11/site-packages/pyglet/libs/egl/__pycache__	22018	REGENERABLE_CACHE	DELETE_CANDIDATE	Python bytecode cache; no deletion in Phase 0-2
01_environment/conda/wuji_retargeting/lib/python3.11/site-packages/pyglet/libs/win32/__pycache__	236336	REGENERABLE_CACHE	DELETE_CANDIDATE	Python bytecode cache; no deletion in Phase 0-2
01_environment/conda/wuji_retargeting/lib/python3.11/site-packages/pyglet/libs/x11/__pycache__	229911	REGENERABLE_CACHE	DELETE_CANDIDATE	Python bytecode cache; no deletion in Phase 0-2
01_environment/conda/wuji_retargeting/lib/python3.11/site-packages/pyglet/media/__pycache__	86424	REGENERABLE_CACHE	DELETE_CANDIDATE	Python bytecode cache; no deletion in Phase 0-2
01_environment/conda/wuji_retargeting/lib/python3.11/site-packages/pyglet/media/codecs/__pycache__	193654	REGENERABLE_CACHE	DELETE_CANDIDATE	Python bytecode cache; no deletion in Phase 0-2
01_environment/conda/wuji_retargeting/lib/python3.11/site-packages/pyglet/media/codecs/ffmpeg_lib/__pycache__	49577	REGENERABLE_CACHE	DELETE_CANDIDATE	Python bytecode cache; no deletion in Phase 0-2
01_environment/conda/wuji_retargeting/lib/python3.11/site-packages/pyglet/media/devices/__pycache__	28400	REGENERABLE_CACHE	DELETE_CANDIDATE	Python bytecode cache; no deletion in Phase 0-2
01_environment/conda/wuji_retargeting/lib/python3.11/site-packages/pyglet/media/drivers/__pycache__	16159	REGENERABLE_CACHE	DELETE_CANDIDATE	Python bytecode cache; no deletion in Phase 0-2
01_environment/conda/wuji_retargeting/lib/python3.11/site-packages/pyglet/media/drivers/directsound/__pycache__	65539	REGENERABLE_CACHE	DELETE_CANDIDATE	Python bytecode cache; no deletion in Phase 0-2
01_environment/conda/wuji_retargeting/lib/python3.11/site-packages/pyglet/media/drivers/openal/__pycache__	83128	REGENERABLE_CACHE	DELETE_CANDIDATE	Python bytecode cache; no deletion in Phase 0-2
01_environment/conda/wuji_retargeting/lib/python3.11/site-packages/pyglet/media/drivers/pulse/__pycache__	152707	REGENERABLE_CACHE	DELETE_CANDIDATE	Python bytecode cache; no deletion in Phase 0-2
01_environment/conda/wuji_retargeting/lib/python3.11/site-packages/pyglet/media/drivers/silent/__pycache__	5589	REGENERABLE_CACHE	DELETE_CANDIDATE	Python bytecode cache; no deletion in Phase 0-2
01_environment/conda/wuji_retargeting/lib/python3.11/site-packages/pyglet/media/drivers/xaudio2/__pycache__	80601	REGENERABLE_CACHE	DELETE_CANDIDATE	Python bytecode cache; no deletion in Phase 0-2
01_environment/conda/wuji_retargeting/lib/python3.11/site-packages/pyglet/model/__pycache__	12940	REGENERABLE_CACHE	DELETE_CANDIDATE	Python bytecode cache; no deletion in Phase 0-2
01_environment/conda/wuji_retargeting/lib/python3.11/site-packages/pyglet/model/codecs/__pycache__	23402	REGENERABLE_CACHE	DELETE_CANDIDATE	Python bytecode cache; no deletion in Phase 0-2
01_environment/conda/wuji_retargeting/lib/python3.11/site-packages/pyglet/text/__pycache__	224921	REGENERABLE_CACHE	DELETE_CANDIDATE	Python bytecode cache; no deletion in Phase 0-2
01_environment/conda/wuji_retargeting/lib/python3.11/site-packages/pyglet/text/formats/__pycache__	32917	REGENERABLE_CACHE	DELETE_CANDIDATE	Python bytecode cache; no deletion in Phase 0-2
01_environment/conda/wuji_retargeting/lib/python3.11/site-packages/pyglet/window/__pycache__	99936	REGENERABLE_CACHE	DELETE_CANDIDATE	Python bytecode cache; no deletion in Phase 0-2
01_environment/conda/wuji_retargeting/lib/python3.11/site-packages/pyglet/window/cocoa/__pycache__	79290	REGENERABLE_CACHE	DELETE_CANDIDATE	Python bytecode cache; no deletion in Phase 0-2
01_environment/conda/wuji_retargeting/lib/python3.11/site-packages/pyglet/window/headless/__pycache__	6355	REGENERABLE_CACHE	DELETE_CANDIDATE	Python bytecode cache; no deletion in Phase 0-2
01_environment/conda/wuji_retargeting/lib/python3.11/site-packages/pyglet/window/win32/__pycache__	60918	REGENERABLE_CACHE	DELETE_CANDIDATE	Python bytecode cache; no deletion in Phase 0-2
01_environment/conda/wuji_retargeting/lib/python3.11/site-packages/pyglet/window/xlib/__pycache__	78109	REGENERABLE_CACHE	DELETE_CANDIDATE	Python bytecode cache; no deletion in Phase 0-2
01_environment/conda/wuji_retargeting/lib/python3.11/site-packages/scipy/__pycache__	41043	REGENERABLE_CACHE	DELETE_CANDIDATE	Python bytecode cache; no deletion in Phase 0-2
01_environment/conda/wuji_retargeting/lib/python3.11/site-packages/scipy/_lib/__pycache__	287459	REGENERABLE_CACHE	DELETE_CANDIDATE	Python bytecode cache; no deletion in Phase 0-2
01_environment/conda/wuji_retargeting/lib/python3.11/site-packages/scipy/_lib/_uarray/__pycache__	31081	REGENERABLE_CACHE	DELETE_CANDIDATE	Python bytecode cache; no deletion in Phase 0-2
01_environment/conda/wuji_retargeting/lib/python3.11/site-packages/scipy/_lib/array_api_compat/__pycache__	5044	REGENERABLE_CACHE	DELETE_CANDIDATE	Python bytecode cache; no deletion in Phase 0-2
01_environment/conda/wuji_retargeting/lib/python3.11/site-packages/scipy/_lib/array_api_compat/common/__pycache__	82174	REGENERABLE_CACHE	DELETE_CANDIDATE	Python bytecode cache; no deletion in Phase 0-2
01_environment/conda/wuji_retargeting/lib/python3.11/site-packages/scipy/_lib/array_api_compat/cupy/__pycache__	28246	REGENERABLE_CACHE	DELETE_CANDIDATE	Python bytecode cache; no deletion in Phase 0-2
01_environment/conda/wuji_retargeting/lib/python3.11/site-packages/scipy/_lib/array_api_compat/dask/__pycache__	258	REGENERABLE_CACHE	DELETE_CANDIDATE	Python bytecode cache; no deletion in Phase 0-2
01_environment/conda/wuji_retargeting/lib/python3.11/site-packages/scipy/_lib/array_api_compat/dask/array/__pycache__	35044	REGENERABLE_CACHE	DELETE_CANDIDATE	Python bytecode cache; no deletion in Phase 0-2
01_environment/conda/wuji_retargeting/lib/python3.11/site-packages/scipy/_lib/array_api_compat/numpy/__pycache__	30342	REGENERABLE_CACHE	DELETE_CANDIDATE	Python bytecode cache; no deletion in Phase 0-2
01_environment/conda/wuji_retargeting/lib/python3.11/site-packages/scipy/_lib/array_api_compat/torch/__pycache__	58509	REGENERABLE_CACHE	DELETE_CANDIDATE	Python bytecode cache; no deletion in Phase 0-2
01_environment/conda/wuji_retargeting/lib/python3.11/site-packages/scipy/_lib/array_api_extra/__pycache__	58110	REGENERABLE_CACHE	DELETE_CANDIDATE	Python bytecode cache; no deletion in Phase 0-2
01_environment/conda/wuji_retargeting/lib/python3.11/site-packages/scipy/_lib/array_api_extra/_lib/__pycache__	81468	REGENERABLE_CACHE	DELETE_CANDIDATE	Python bytecode cache; no deletion in Phase 0-2
01_environment/conda/wuji_retargeting/lib/python3.11/site-packages/scipy/_lib/array_api_extra/_lib/_utils/__pycache__	27811	REGENERABLE_CACHE	DELETE_CANDIDATE	Python bytecode cache; no deletion in Phase 0-2
01_environment/conda/wuji_retargeting/lib/python3.11/site-packages/scipy/_lib/cobyqa/__pycache__	225081	REGENERABLE_CACHE	DELETE_CANDIDATE	Python bytecode cache; no deletion in Phase 0-2
01_environment/conda/wuji_retargeting/lib/python3.11/site-packages/scipy/_lib/cobyqa/subsolvers/__pycache__	64408	REGENERABLE_CACHE	DELETE_CANDIDATE	Python bytecode cache; no deletion in Phase 0-2
01_environment/conda/wuji_retargeting/lib/python3.11/site-packages/scipy/_lib/cobyqa/utils/__pycache__	8663	REGENERABLE_CACHE	DELETE_CANDIDATE	Python bytecode cache; no deletion in Phase 0-2
01_environment/conda/wuji_retargeting/lib/python3.11/site-packages/scipy/_lib/pyprima/__pycache__	8710	REGENERABLE_CACHE	DELETE_CANDIDATE	Python bytecode cache; no deletion in Phase 0-2
01_environment/conda/wuji_retargeting/lib/python3.11/site-packages/scipy/_lib/pyprima/cobyla/__pycache__	98298	REGENERABLE_CACHE	DELETE_CANDIDATE	Python bytecode cache; no deletion in Phase 0-2
01_environment/conda/wuji_retargeting/lib/python3.11/site-packages/scipy/_lib/pyprima/common/__pycache__	107919	REGENERABLE_CACHE	DELETE_CANDIDATE	Python bytecode cache; no deletion in Phase 0-2
01_environment/conda/wuji_retargeting/lib/python3.11/site-packages/scipy/_lib/tests/__pycache__	158133	REGENERABLE_CACHE	DELETE_CANDIDATE	Python bytecode cache; no deletion in Phase 0-2
01_environment/conda/wuji_retargeting/lib/python3.11/site-packages/scipy/cluster/__pycache__	206736	REGENERABLE_CACHE	DELETE_CANDIDATE	Python bytecode cache; no deletion in Phase 0-2
01_environment/conda/wuji_retargeting/lib/python3.11/site-packages/scipy/cluster/tests/__pycache__	140478	REGENERABLE_CACHE	DELETE_CANDIDATE	Python bytecode cache; no deletion in Phase 0-2
01_environment/conda/wuji_retargeting/lib/python3.11/site-packages/scipy/constants/__pycache__	235789	REGENERABLE_CACHE	DELETE_CANDIDATE	Python bytecode cache; no deletion in Phase 0-2
01_environment/conda/wuji_retargeting/lib/python3.11/site-packages/scipy/constants/tests/__pycache__	13160	REGENERABLE_CACHE	DELETE_CANDIDATE	Python bytecode cache; no deletion in Phase 0-2
01_environment/conda/wuji_retargeting/lib/python3.11/site-packages/scipy/datasets/__pycache__	19382	REGENERABLE_CACHE	DELETE_CANDIDATE	Python bytecode cache; no deletion in Phase 0-2
01_environment/conda/wuji_retargeting/lib/python3.11/site-packages/scipy/datasets/tests/__pycache__	7487	REGENERABLE_CACHE	DELETE_CANDIDATE	Python bytecode cache; no deletion in Phase 0-2
01_environment/conda/wuji_retargeting/lib/python3.11/site-packages/scipy/differentiate/__pycache__	52295	REGENERABLE_CACHE	DELETE_CANDIDATE	Python bytecode cache; no deletion in Phase 0-2
01_environment/conda/wuji_retargeting/lib/python3.11/site-packages/scipy/differentiate/tests/__pycache__	59052	REGENERABLE_CACHE	DELETE_CANDIDATE	Python bytecode cache; no deletion in Phase 0-2
01_environment/conda/wuji_retargeting/lib/python3.11/site-packages/scipy/fft/__pycache__	149633	REGENERABLE_CACHE	DELETE_CANDIDATE	Python bytecode cache; no deletion in Phase 0-2
01_environment/conda/wuji_retargeting/lib/python3.11/site-packages/scipy/fft/_pocketfft/__pycache__	26324	REGENERABLE_CACHE	DELETE_CANDIDATE	Python bytecode cache; no deletion in Phase 0-2
01_environment/conda/wuji_retargeting/lib/python3.11/site-packages/scipy/fft/_pocketfft/tests/__pycache__	102912	REGENERABLE_CACHE	DELETE_CANDIDATE	Python bytecode cache; no deletion in Phase 0-2
01_environment/conda/wuji_retargeting/lib/python3.11/site-packages/scipy/fft/tests/__pycache__	119892	REGENERABLE_CACHE	DELETE_CANDIDATE	Python bytecode cache; no deletion in Phase 0-2
01_environment/conda/wuji_retargeting/lib/python3.11/site-packages/scipy/fftpack/__pycache__	67002	REGENERABLE_CACHE	DELETE_CANDIDATE	Python bytecode cache; no deletion in Phase 0-2
01_environment/conda/wuji_retargeting/lib/python3.11/site-packages/scipy/fftpack/tests/__pycache__	149663	REGENERABLE_CACHE	DELETE_CANDIDATE	Python bytecode cache; no deletion in Phase 0-2
01_environment/conda/wuji_retargeting/lib/python3.11/site-packages/scipy/integrate/__pycache__	553753	REGENERABLE_CACHE	DELETE_CANDIDATE	Python bytecode cache; no deletion in Phase 0-2
01_environment/conda/wuji_retargeting/lib/python3.11/site-packages/scipy/integrate/_ivp/__pycache__	169238	REGENERABLE_CACHE	DELETE_CANDIDATE	Python bytecode cache; no deletion in Phase 0-2
01_environment/conda/wuji_retargeting/lib/python3.11/site-packages/scipy/integrate/_ivp/tests/__pycache__	80539	REGENERABLE_CACHE	DELETE_CANDIDATE	Python bytecode cache; no deletion in Phase 0-2
01_environment/conda/wuji_retargeting/lib/python3.11/site-packages/scipy/integrate/_rules/__pycache__	41596	REGENERABLE_CACHE	DELETE_CANDIDATE	Python bytecode cache; no deletion in Phase 0-2
01_environment/conda/wuji_retargeting/lib/python3.11/site-packages/scipy/integrate/tests/__pycache__	363212	REGENERABLE_CACHE	DELETE_CANDIDATE	Python bytecode cache; no deletion in Phase 0-2
01_environment/conda/wuji_retargeting/lib/python3.11/site-packages/scipy/interpolate/__pycache__	713804	REGENERABLE_CACHE	DELETE_CANDIDATE	Python bytecode cache; no deletion in Phase 0-2
01_environment/conda/wuji_retargeting/lib/python3.11/site-packages/scipy/interpolate/tests/__pycache__	943316	REGENERABLE_CACHE	DELETE_CANDIDATE	Python bytecode cache; no deletion in Phase 0-2
01_environment/conda/wuji_retargeting/lib/python3.11/site-packages/scipy/io/__pycache__	179298	REGENERABLE_CACHE	DELETE_CANDIDATE	Python bytecode cache; no deletion in Phase 0-2
01_environment/conda/wuji_retargeting/lib/python3.11/site-packages/scipy/io/_fast_matrix_market/__pycache__	21186	REGENERABLE_CACHE	DELETE_CANDIDATE	Python bytecode cache; no deletion in Phase 0-2
01_environment/conda/wuji_retargeting/lib/python3.11/site-packages/scipy/io/_harwell_boeing/__pycache__	42060	REGENERABLE_CACHE	DELETE_CANDIDATE	Python bytecode cache; no deletion in Phase 0-2
01_environment/conda/wuji_retargeting/lib/python3.11/site-packages/scipy/io/_harwell_boeing/tests/__pycache__	11902	REGENERABLE_CACHE	DELETE_CANDIDATE	Python bytecode cache; no deletion in Phase 0-2
01_environment/conda/wuji_retargeting/lib/python3.11/site-packages/scipy/io/arff/__pycache__	38283	REGENERABLE_CACHE	DELETE_CANDIDATE	Python bytecode cache; no deletion in Phase 0-2
01_environment/conda/wuji_retargeting/lib/python3.11/site-packages/scipy/io/arff/tests/__pycache__	24595	REGENERABLE_CACHE	DELETE_CANDIDATE	Python bytecode cache; no deletion in Phase 0-2
01_environment/conda/wuji_retargeting/lib/python3.11/site-packages/scipy/io/matlab/__pycache__	125416	REGENERABLE_CACHE	DELETE_CANDIDATE	Python bytecode cache; no deletion in Phase 0-2
01_environment/conda/wuji_retargeting/lib/python3.11/site-packages/scipy/io/matlab/tests/__pycache__	116444	REGENERABLE_CACHE	DELETE_CANDIDATE	Python bytecode cache; no deletion in Phase 0-2
01_environment/conda/wuji_retargeting/lib/python3.11/site-packages/scipy/io/tests/__pycache__	197392	REGENERABLE_CACHE	DELETE_CANDIDATE	Python bytecode cache; no deletion in Phase 0-2
01_environment/conda/wuji_retargeting/lib/python3.11/site-packages/scipy/linalg/__pycache__	598606	REGENERABLE_CACHE	DELETE_CANDIDATE	Python bytecode cache; no deletion in Phase 0-2
01_environment/conda/wuji_retargeting/lib/python3.11/site-packages/scipy/linalg/tests/__pycache__	1204894	REGENERABLE_CACHE	DELETE_CANDIDATE	Python bytecode cache; no deletion in Phase 0-2
01_environment/conda/wuji_retargeting/lib/python3.11/site-packages/scipy/misc/__pycache__	1327	REGENERABLE_CACHE	DELETE_CANDIDATE	Python bytecode cache; no deletion in Phase 0-2
01_environment/conda/wuji_retargeting/lib/python3.11/site-packages/scipy/ndimage/__pycache__	363616	REGENERABLE_CACHE	DELETE_CANDIDATE	Python bytecode cache; no deletion in Phase 0-2
01_environment/conda/wuji_retargeting/lib/python3.11/site-packages/scipy/ndimage/tests/__pycache__	597749	REGENERABLE_CACHE	DELETE_CANDIDATE	Python bytecode cache; no deletion in Phase 0-2
01_environment/conda/wuji_retargeting/lib/python3.11/site-packages/scipy/odr/__pycache__	77614	REGENERABLE_CACHE	DELETE_CANDIDATE	Python bytecode cache; no deletion in Phase 0-2
01_environment/conda/wuji_retargeting/lib/python3.11/site-packages/scipy/odr/tests/__pycache__	36503	REGENERABLE_CACHE	DELETE_CANDIDATE	Python bytecode cache; no deletion in Phase 0-2
01_environment/conda/wuji_retargeting/lib/python3.11/site-packages/scipy/optimize/__pycache__	1532717	REGENERABLE_CACHE	DELETE_CANDIDATE	Python bytecode cache; no deletion in Phase 0-2
01_environment/conda/wuji_retargeting/lib/python3.11/site-packages/scipy/optimize/_highspy/__pycache__	12089	REGENERABLE_CACHE	DELETE_CANDIDATE	Python bytecode cache; no deletion in Phase 0-2
01_environment/conda/wuji_retargeting/lib/python3.11/site-packages/scipy/optimize/_lsq/__pycache__	144282	REGENERABLE_CACHE	DELETE_CANDIDATE	Python bytecode cache; no deletion in Phase 0-2
01_environment/conda/wuji_retargeting/lib/python3.11/site-packages/scipy/optimize/_shgo_lib/__pycache__	73640	REGENERABLE_CACHE	DELETE_CANDIDATE	Python bytecode cache; no deletion in Phase 0-2
01_environment/conda/wuji_retargeting/lib/python3.11/site-packages/scipy/optimize/_trlib/__pycache__	932	REGENERABLE_CACHE	DELETE_CANDIDATE	Python bytecode cache; no deletion in Phase 0-2
01_environment/conda/wuji_retargeting/lib/python3.11/site-packages/scipy/optimize/_trustregion_constr/__pycache__	119678	REGENERABLE_CACHE	DELETE_CANDIDATE	Python bytecode cache; no deletion in Phase 0-2
01_environment/conda/wuji_retargeting/lib/python3.11/site-packages/scipy/optimize/_trustregion_constr/tests/__pycache__	67931	REGENERABLE_CACHE	DELETE_CANDIDATE	Python bytecode cache; no deletion in Phase 0-2
01_environment/conda/wuji_retargeting/lib/python3.11/site-packages/scipy/optimize/cython_optimize/__pycache__	5165	REGENERABLE_CACHE	DELETE_CANDIDATE	Python bytecode cache; no deletion in Phase 0-2
01_environment/conda/wuji_retargeting/lib/python3.11/site-packages/scipy/optimize/tests/__pycache__	1610655	REGENERABLE_CACHE	DELETE_CANDIDATE	Python bytecode cache; no deletion in Phase 0-2
01_environment/conda/wuji_retargeting/lib/python3.11/site-packages/scipy/signal/__pycache__	1173536	REGENERABLE_CACHE	DELETE_CANDIDATE	Python bytecode cache; no deletion in Phase 0-2
01_environment/conda/wuji_retargeting/lib/python3.11/site-packages/scipy/signal/tests/__pycache__	1364704	REGENERABLE_CACHE	DELETE_CANDIDATE	Python bytecode cache; no deletion in Phase 0-2
01_environment/conda/wuji_retargeting/lib/python3.11/site-packages/scipy/signal/windows/__pycache__	111394	REGENERABLE_CACHE	DELETE_CANDIDATE	Python bytecode cache; no deletion in Phase 0-2
01_environment/conda/wuji_retargeting/lib/python3.11/site-packages/scipy/sparse/__pycache__	641250	REGENERABLE_CACHE	DELETE_CANDIDATE	Python bytecode cache; no deletion in Phase 0-2
01_environment/conda/wuji_retargeting/lib/python3.11/site-packages/scipy/sparse/csgraph/__pycache__	33578	REGENERABLE_CACHE	DELETE_CANDIDATE	Python bytecode cache; no deletion in Phase 0-2
01_environment/conda/wuji_retargeting/lib/python3.11/site-packages/scipy/sparse/csgraph/tests/__pycache__	113176	REGENERABLE_CACHE	DELETE_CANDIDATE	Python bytecode cache; no deletion in Phase 0-2
01_environment/conda/wuji_retargeting/lib/python3.11/site-packages/scipy/sparse/linalg/__pycache__	233151	REGENERABLE_CACHE	DELETE_CANDIDATE	Python bytecode cache; no deletion in Phase 0-2
01_environment/conda/wuji_retargeting/lib/python3.11/site-packages/scipy/sparse/linalg/_dsolve/__pycache__	45641	REGENERABLE_CACHE	DELETE_CANDIDATE	Python bytecode cache; no deletion in Phase 0-2
01_environment/conda/wuji_retargeting/lib/python3.11/site-packages/scipy/sparse/linalg/_dsolve/tests/__pycache__	70738	REGENERABLE_CACHE	DELETE_CANDIDATE	Python bytecode cache; no deletion in Phase 0-2
01_environment/conda/wuji_retargeting/lib/python3.11/site-packages/scipy/sparse/linalg/_eigen/__pycache__	37882	REGENERABLE_CACHE	DELETE_CANDIDATE	Python bytecode cache; no deletion in Phase 0-2
01_environment/conda/wuji_retargeting/lib/python3.11/site-packages/scipy/sparse/linalg/_eigen/arpack/__pycache__	73866	REGENERABLE_CACHE	DELETE_CANDIDATE	Python bytecode cache; no deletion in Phase 0-2
01_environment/conda/wuji_retargeting/lib/python3.11/site-packages/scipy/sparse/linalg/_eigen/arpack/tests/__pycache__	39366	REGENERABLE_CACHE	DELETE_CANDIDATE	Python bytecode cache; no deletion in Phase 0-2
01_environment/conda/wuji_retargeting/lib/python3.11/site-packages/scipy/sparse/linalg/_eigen/lobpcg/__pycache__	42592	REGENERABLE_CACHE	DELETE_CANDIDATE	Python bytecode cache; no deletion in Phase 0-2
01_environment/conda/wuji_retargeting/lib/python3.11/site-packages/scipy/sparse/linalg/_eigen/lobpcg/tests/__pycache__	47841	REGENERABLE_CACHE	DELETE_CANDIDATE	Python bytecode cache; no deletion in Phase 0-2
01_environment/conda/wuji_retargeting/lib/python3.11/site-packages/scipy/sparse/linalg/_eigen/tests/__pycache__	61189	REGENERABLE_CACHE	DELETE_CANDIDATE	Python bytecode cache; no deletion in Phase 0-2
01_environment/conda/wuji_retargeting/lib/python3.11/site-packages/scipy/sparse/linalg/_isolve/__pycache__	128546	REGENERABLE_CACHE	DELETE_CANDIDATE	Python bytecode cache; no deletion in Phase 0-2
01_environment/conda/wuji_retargeting/lib/python3.11/site-packages/scipy/sparse/linalg/_isolve/tests/__pycache__	100132	REGENERABLE_CACHE	DELETE_CANDIDATE	Python bytecode cache; no deletion in Phase 0-2
01_environment/conda/wuji_retargeting/lib/python3.11/site-packages/scipy/sparse/linalg/tests/__pycache__	208940	REGENERABLE_CACHE	DELETE_CANDIDATE	Python bytecode cache; no deletion in Phase 0-2
01_environment/conda/wuji_retargeting/lib/python3.11/site-packages/scipy/sparse/tests/__pycache__	887729	REGENERABLE_CACHE	DELETE_CANDIDATE	Python bytecode cache; no deletion in Phase 0-2
01_environment/conda/wuji_retargeting/lib/python3.11/site-packages/scipy/spatial/__pycache__	195144	REGENERABLE_CACHE	DELETE_CANDIDATE	Python bytecode cache; no deletion in Phase 0-2
01_environment/conda/wuji_retargeting/lib/python3.11/site-packages/scipy/spatial/tests/__pycache__	415372	REGENERABLE_CACHE	DELETE_CANDIDATE	Python bytecode cache; no deletion in Phase 0-2
01_environment/conda/wuji_retargeting/lib/python3.11/site-packages/scipy/spatial/transform/__pycache__	307510	REGENERABLE_CACHE	DELETE_CANDIDATE	Python bytecode cache; no deletion in Phase 0-2
01_environment/conda/wuji_retargeting/lib/python3.11/site-packages/scipy/spatial/transform/tests/__pycache__	371781	REGENERABLE_CACHE	DELETE_CANDIDATE	Python bytecode cache; no deletion in Phase 0-2
01_environment/conda/wuji_retargeting/lib/python3.11/site-packages/scipy/special/__pycache__	642969	REGENERABLE_CACHE	DELETE_CANDIDATE	Python bytecode cache; no deletion in Phase 0-2
01_environment/conda/wuji_retargeting/lib/python3.11/site-packages/scipy/special/_precompute/__pycache__	94717	REGENERABLE_CACHE	DELETE_CANDIDATE	Python bytecode cache; no deletion in Phase 0-2
01_environment/conda/wuji_retargeting/lib/python3.11/site-packages/scipy/special/tests/__pycache__	1216125	REGENERABLE_CACHE	DELETE_CANDIDATE	Python bytecode cache; no deletion in Phase 0-2
01_environment/conda/wuji_retargeting/lib/python3.11/site-packages/scipy/special/tests/data/__pycache__	250	REGENERABLE_CACHE	DELETE_CANDIDATE	Python bytecode cache; no deletion in Phase 0-2
01_environment/conda/wuji_retargeting/lib/python3.11/site-packages/scipy/stats/__pycache__	3617862	REGENERABLE_CACHE	DELETE_CANDIDATE	Python bytecode cache; no deletion in Phase 0-2
01_environment/conda/wuji_retargeting/lib/python3.11/site-packages/scipy/stats/_levy_stable/__pycache__	55466	REGENERABLE_CACHE	DELETE_CANDIDATE	Python bytecode cache; no deletion in Phase 0-2
01_environment/conda/wuji_retargeting/lib/python3.11/site-packages/scipy/stats/_rcont/__pycache__	360	REGENERABLE_CACHE	DELETE_CANDIDATE	Python bytecode cache; no deletion in Phase 0-2
01_environment/conda/wuji_retargeting/lib/python3.11/site-packages/scipy/stats/_unuran/__pycache__	245	REGENERABLE_CACHE	DELETE_CANDIDATE	Python bytecode cache; no deletion in Phase 0-2
01_environment/conda/wuji_retargeting/lib/python3.11/site-packages/scipy/stats/tests/__pycache__	3419585	REGENERABLE_CACHE	DELETE_CANDIDATE	Python bytecode cache; no deletion in Phase 0-2
01_environment/conda/wuji_retargeting/lib/python3.11/site-packages/scipy/stats/tests/data/__pycache__	24322	REGENERABLE_CACHE	DELETE_CANDIDATE	Python bytecode cache; no deletion in Phase 0-2
01_environment/conda/wuji_retargeting/lib/python3.11/site-packages/setuptools/__pycache__	357600	REGENERABLE_CACHE	DELETE_CANDIDATE	Python bytecode cache; no deletion in Phase 0-2
01_environment/conda/wuji_retargeting/lib/python3.11/site-packages/setuptools/_distutils/__pycache__	276130	REGENERABLE_CACHE	DELETE_CANDIDATE	Python bytecode cache; no deletion in Phase 0-2
01_environment/conda/wuji_retargeting/lib/python3.11/site-packages/setuptools/_distutils/command/__pycache__	217018	REGENERABLE_CACHE	DELETE_CANDIDATE	Python bytecode cache; no deletion in Phase 0-2
01_environment/conda/wuji_retargeting/lib/python3.11/site-packages/setuptools/_distutils/compat/__pycache__	4788	REGENERABLE_CACHE	DELETE_CANDIDATE	Python bytecode cache; no deletion in Phase 0-2
01_environment/conda/wuji_retargeting/lib/python3.11/site-packages/setuptools/_distutils/compilers/C/__pycache__	121348	REGENERABLE_CACHE	DELETE_CANDIDATE	Python bytecode cache; no deletion in Phase 0-2
01_environment/conda/wuji_retargeting/lib/python3.11/site-packages/setuptools/_distutils/compilers/C/tests/__pycache__	44371	REGENERABLE_CACHE	DELETE_CANDIDATE	Python bytecode cache; no deletion in Phase 0-2
01_environment/conda/wuji_retargeting/lib/python3.11/site-packages/setuptools/_distutils/tests/__pycache__	322900	REGENERABLE_CACHE	DELETE_CANDIDATE	Python bytecode cache; no deletion in Phase 0-2
01_environment/conda/wuji_retargeting/lib/python3.11/site-packages/setuptools/_distutils/tests/compat/__pycache__	798	REGENERABLE_CACHE	DELETE_CANDIDATE	Python bytecode cache; no deletion in Phase 0-2
01_environment/conda/wuji_retargeting/lib/python3.11/site-packages/setuptools/_vendor/autocommand/__pycache__	22076	REGENERABLE_CACHE	DELETE_CANDIDATE	Python bytecode cache; no deletion in Phase 0-2
01_environment/conda/wuji_retargeting/lib/python3.11/site-packages/setuptools/_vendor/backports/__pycache__	316	REGENERABLE_CACHE	DELETE_CANDIDATE	Python bytecode cache; no deletion in Phase 0-2
01_environment/conda/wuji_retargeting/lib/python3.11/site-packages/setuptools/_vendor/backports/tarfile/__pycache__	133003	REGENERABLE_CACHE	DELETE_CANDIDATE	Python bytecode cache; no deletion in Phase 0-2
01_environment/conda/wuji_retargeting/lib/python3.11/site-packages/setuptools/_vendor/backports/tarfile/compat/__pycache__	1410	REGENERABLE_CACHE	DELETE_CANDIDATE	Python bytecode cache; no deletion in Phase 0-2
01_environment/conda/wuji_retargeting/lib/python3.11/site-packages/setuptools/_vendor/importlib_metadata/__pycache__	96878	REGENERABLE_CACHE	DELETE_CANDIDATE	Python bytecode cache; no deletion in Phase 0-2
01_environment/conda/wuji_retargeting/lib/python3.11/site-packages/setuptools/_vendor/importlib_metadata/compat/__pycache__	3410	REGENERABLE_CACHE	DELETE_CANDIDATE	Python bytecode cache; no deletion in Phase 0-2
01_environment/conda/wuji_retargeting/lib/python3.11/site-packages/setuptools/_vendor/jaraco/context/__pycache__	16316	REGENERABLE_CACHE	DELETE_CANDIDATE	Python bytecode cache; no deletion in Phase 0-2
01_environment/conda/wuji_retargeting/lib/python3.11/site-packages/setuptools/_vendor/jaraco/functools/__pycache__	27112	REGENERABLE_CACHE	DELETE_CANDIDATE	Python bytecode cache; no deletion in Phase 0-2
01_environment/conda/wuji_retargeting/lib/python3.11/site-packages/setuptools/_vendor/jaraco/text/__pycache__	33322	REGENERABLE_CACHE	DELETE_CANDIDATE	Python bytecode cache; no deletion in Phase 0-2
01_environment/conda/wuji_retargeting/lib/python3.11/site-packages/setuptools/_vendor/more_itertools/__pycache__	264122	REGENERABLE_CACHE	DELETE_CANDIDATE	Python bytecode cache; no deletion in Phase 0-2
01_environment/conda/wuji_retargeting/lib/python3.11/site-packages/setuptools/_vendor/packaging/__pycache__	250180	REGENERABLE_CACHE	DELETE_CANDIDATE	Python bytecode cache; no deletion in Phase 0-2
01_environment/conda/wuji_retargeting/lib/python3.11/site-packages/setuptools/_vendor/packaging/licenses/__pycache__	57843	REGENERABLE_CACHE	DELETE_CANDIDATE	Python bytecode cache; no deletion in Phase 0-2
01_environment/conda/wuji_retargeting/lib/python3.11/site-packages/setuptools/_vendor/platformdirs/__pycache__	89201	REGENERABLE_CACHE	DELETE_CANDIDATE	Python bytecode cache; no deletion in Phase 0-2
01_environment/conda/wuji_retargeting/lib/python3.11/site-packages/setuptools/_vendor/tomli/__pycache__	39346	REGENERABLE_CACHE	DELETE_CANDIDATE	Python bytecode cache; no deletion in Phase 0-2
01_environment/conda/wuji_retargeting/lib/python3.11/site-packages/setuptools/_vendor/wheel/__pycache__	74288	REGENERABLE_CACHE	DELETE_CANDIDATE	Python bytecode cache; no deletion in Phase 0-2
01_environment/conda/wuji_retargeting/lib/python3.11/site-packages/setuptools/_vendor/wheel/_commands/__pycache__	41767	REGENERABLE_CACHE	DELETE_CANDIDATE	Python bytecode cache; no deletion in Phase 0-2
01_environment/conda/wuji_retargeting/lib/python3.11/site-packages/setuptools/_vendor/zipp/__pycache__	29131	REGENERABLE_CACHE	DELETE_CANDIDATE	Python bytecode cache; no deletion in Phase 0-2
01_environment/conda/wuji_retargeting/lib/python3.11/site-packages/setuptools/_vendor/zipp/compat/__pycache__	3980	REGENERABLE_CACHE	DELETE_CANDIDATE	Python bytecode cache; no deletion in Phase 0-2
01_environment/conda/wuji_retargeting/lib/python3.11/site-packages/setuptools/command/__pycache__	281392	REGENERABLE_CACHE	DELETE_CANDIDATE	Python bytecode cache; no deletion in Phase 0-2
01_environment/conda/wuji_retargeting/lib/python3.11/site-packages/setuptools/compat/__pycache__	3474	REGENERABLE_CACHE	DELETE_CANDIDATE	Python bytecode cache; no deletion in Phase 0-2
01_environment/conda/wuji_retargeting/lib/python3.11/site-packages/setuptools/config/__pycache__	122897	REGENERABLE_CACHE	DELETE_CANDIDATE	Python bytecode cache; no deletion in Phase 0-2
01_environment/conda/wuji_retargeting/lib/python3.11/site-packages/setuptools/config/_validate_pyproject/__pycache__	329929	REGENERABLE_CACHE	DELETE_CANDIDATE	Python bytecode cache; no deletion in Phase 0-2
01_environment/conda/wuji_retargeting/lib/python3.11/site-packages/setuptools/tests/__pycache__	584281	REGENERABLE_CACHE	DELETE_CANDIDATE	Python bytecode cache; no deletion in Phase 0-2
01_environment/conda/wuji_retargeting/lib/python3.11/site-packages/setuptools/tests/compat/__pycache__	547	REGENERABLE_CACHE	DELETE_CANDIDATE	Python bytecode cache; no deletion in Phase 0-2
01_environment/conda/wuji_retargeting/lib/python3.11/site-packages/setuptools/tests/config/__pycache__	139965	REGENERABLE_CACHE	DELETE_CANDIDATE	Python bytecode cache; no deletion in Phase 0-2
01_environment/conda/wuji_retargeting/lib/python3.11/site-packages/setuptools/tests/config/downloads/__pycache__	4737	REGENERABLE_CACHE	DELETE_CANDIDATE	Python bytecode cache; no deletion in Phase 0-2
01_environment/conda/wuji_retargeting/lib/python3.11/site-packages/setuptools/tests/integration/__pycache__	17163	REGENERABLE_CACHE	DELETE_CANDIDATE	Python bytecode cache; no deletion in Phase 0-2
01_environment/conda/wuji_retargeting/lib/python3.11/site-packages/transforms3d/__pycache__	199956	REGENERABLE_CACHE	DELETE_CANDIDATE	Python bytecode cache; no deletion in Phase 0-2
01_environment/conda/wuji_retargeting/lib/python3.11/site-packages/transforms3d/derivations/__pycache__	16299	REGENERABLE_CACHE	DELETE_CANDIDATE	Python bytecode cache; no deletion in Phase 0-2
01_environment/conda/wuji_retargeting/lib/python3.11/site-packages/transforms3d/tests/__pycache__	71254	REGENERABLE_CACHE	DELETE_CANDIDATE	Python bytecode cache; no deletion in Phase 0-2
01_environment/conda/wuji_retargeting/lib/python3.11/site-packages/trimesh/__pycache__	987360	REGENERABLE_CACHE	DELETE_CANDIDATE	Python bytecode cache; no deletion in Phase 0-2
01_environment/conda/wuji_retargeting/lib/python3.11/site-packages/trimesh/exchange/__pycache__	246680	REGENERABLE_CACHE	DELETE_CANDIDATE	Python bytecode cache; no deletion in Phase 0-2
01_environment/conda/wuji_retargeting/lib/python3.11/site-packages/trimesh/exchange/gltf/__pycache__	85598	REGENERABLE_CACHE	DELETE_CANDIDATE	Python bytecode cache; no deletion in Phase 0-2
01_environment/conda/wuji_retargeting/lib/python3.11/site-packages/trimesh/interfaces/__pycache__	13710	REGENERABLE_CACHE	DELETE_CANDIDATE	Python bytecode cache; no deletion in Phase 0-2
01_environment/conda/wuji_retargeting/lib/python3.11/site-packages/trimesh/path/__pycache__	267553	REGENERABLE_CACHE	DELETE_CANDIDATE	Python bytecode cache; no deletion in Phase 0-2
01_environment/conda/wuji_retargeting/lib/python3.11/site-packages/trimesh/path/exchange/__pycache__	92509	REGENERABLE_CACHE	DELETE_CANDIDATE	Python bytecode cache; no deletion in Phase 0-2
01_environment/conda/wuji_retargeting/lib/python3.11/site-packages/trimesh/ray/__pycache__	32850	REGENERABLE_CACHE	DELETE_CANDIDATE	Python bytecode cache; no deletion in Phase 0-2
01_environment/conda/wuji_retargeting/lib/python3.11/site-packages/trimesh/resources/__pycache__	4252	REGENERABLE_CACHE	DELETE_CANDIDATE	Python bytecode cache; no deletion in Phase 0-2
01_environment/conda/wuji_retargeting/lib/python3.11/site-packages/trimesh/scene/__pycache__	127589	REGENERABLE_CACHE	DELETE_CANDIDATE	Python bytecode cache; no deletion in Phase 0-2
01_environment/conda/wuji_retargeting/lib/python3.11/site-packages/trimesh/viewer/__pycache__	57638	REGENERABLE_CACHE	DELETE_CANDIDATE	Python bytecode cache; no deletion in Phase 0-2
01_environment/conda/wuji_retargeting/lib/python3.11/site-packages/trimesh/visual/__pycache__	129081	REGENERABLE_CACHE	DELETE_CANDIDATE	Python bytecode cache; no deletion in Phase 0-2
01_environment/conda/wuji_retargeting/lib/python3.11/site-packages/trimesh/voxel/__pycache__	157465	REGENERABLE_CACHE	DELETE_CANDIDATE	Python bytecode cache; no deletion in Phase 0-2
01_environment/conda/wuji_retargeting/lib/python3.11/site-packages/urdf_parser_py/__pycache__	37624	REGENERABLE_CACHE	DELETE_CANDIDATE	Python bytecode cache; no deletion in Phase 0-2
01_environment/conda/wuji_retargeting/lib/python3.11/site-packages/urdf_parser_py/xml_reflection/__pycache__	43781	REGENERABLE_CACHE	DELETE_CANDIDATE	Python bytecode cache; no deletion in Phase 0-2
01_environment/conda/wuji_retargeting/lib/python3.11/site-packages/wheel/__pycache__	74618	REGENERABLE_CACHE	DELETE_CANDIDATE	Python bytecode cache; no deletion in Phase 0-2
01_environment/conda/wuji_retargeting/lib/python3.11/site-packages/wheel/_commands/__pycache__	49358	REGENERABLE_CACHE	DELETE_CANDIDATE	Python bytecode cache; no deletion in Phase 0-2
01_environment/conda/wuji_retargeting/lib/python3.11/site-packages/yaml/__pycache__	276421	REGENERABLE_CACHE	DELETE_CANDIDATE	Python bytecode cache; no deletion in Phase 0-2
01_environment/conda/wuji_retargeting/lib/python3.11/sqlite3/__pycache__	11918	REGENERABLE_CACHE	DELETE_CANDIDATE	Python bytecode cache; no deletion in Phase 0-2
01_environment/conda/wuji_retargeting/lib/python3.11/test/__pycache__	64892	REGENERABLE_CACHE	DELETE_CANDIDATE	Python bytecode cache; no deletion in Phase 0-2
01_environment/conda/wuji_retargeting/lib/python3.11/test/support/__pycache__	227387	REGENERABLE_CACHE	DELETE_CANDIDATE	Python bytecode cache; no deletion in Phase 0-2
01_environment/conda/wuji_retargeting/lib/python3.11/tkinter/__pycache__	551447	REGENERABLE_CACHE	DELETE_CANDIDATE	Python bytecode cache; no deletion in Phase 0-2
01_environment/conda/wuji_retargeting/lib/python3.11/tomllib/__pycache__	36174	REGENERABLE_CACHE	DELETE_CANDIDATE	Python bytecode cache; no deletion in Phase 0-2
01_environment/conda/wuji_retargeting/lib/python3.11/turtledemo/__pycache__	133659	REGENERABLE_CACHE	DELETE_CANDIDATE	Python bytecode cache; no deletion in Phase 0-2
01_environment/conda/wuji_retargeting/lib/python3.11/unittest/__pycache__	327622	REGENERABLE_CACHE	DELETE_CANDIDATE	Python bytecode cache; no deletion in Phase 0-2
01_environment/conda/wuji_retargeting/lib/python3.11/urllib/__pycache__	205579	REGENERABLE_CACHE	DELETE_CANDIDATE	Python bytecode cache; no deletion in Phase 0-2
01_environment/conda/wuji_retargeting/lib/python3.11/venv/__pycache__	33575	REGENERABLE_CACHE	DELETE_CANDIDATE	Python bytecode cache; no deletion in Phase 0-2
01_environment/conda/wuji_retargeting/lib/python3.11/wsgiref/__pycache__	82576	REGENERABLE_CACHE	DELETE_CANDIDATE	Python bytecode cache; no deletion in Phase 0-2
01_environment/conda/wuji_retargeting/lib/python3.11/xml/__pycache__	978	REGENERABLE_CACHE	DELETE_CANDIDATE	Python bytecode cache; no deletion in Phase 0-2
01_environment/conda/wuji_retargeting/lib/python3.11/xml/dom/__pycache__	196564	REGENERABLE_CACHE	DELETE_CANDIDATE	Python bytecode cache; no deletion in Phase 0-2
01_environment/conda/wuji_retargeting/lib/python3.11/xml/etree/__pycache__	112987	REGENERABLE_CACHE	DELETE_CANDIDATE	Python bytecode cache; no deletion in Phase 0-2
01_environment/conda/wuji_retargeting/lib/python3.11/xml/parsers/__pycache__	999	REGENERABLE_CACHE	DELETE_CANDIDATE	Python bytecode cache; no deletion in Phase 0-2
01_environment/conda/wuji_retargeting/lib/python3.11/xml/sax/__pycache__	93023	REGENERABLE_CACHE	DELETE_CANDIDATE	Python bytecode cache; no deletion in Phase 0-2
01_environment/conda/wuji_retargeting/lib/python3.11/xmlrpc/__pycache__	104265	REGENERABLE_CACHE	DELETE_CANDIDATE	Python bytecode cache; no deletion in Phase 0-2
01_environment/conda/wuji_retargeting/lib/python3.11/zoneinfo/__pycache__	44234	REGENERABLE_CACHE	DELETE_CANDIDATE	Python bytecode cache; no deletion in Phase 0-2
01_environment/vendor/wuji-description/dual_arm_right_wuji2/scripts/__pycache__	4962	REGENERABLE_CACHE	DELETE_CANDIDATE	Python bytecode cache; no deletion in Phase 0-2
01_environment/vendor/wuji-retargeting/wuji_retargeting/__pycache__	43843	REGENERABLE_CACHE	DELETE_CANDIDATE	Python bytecode cache; no deletion in Phase 0-2
01_environment/vendor/wuji-retargeting/wuji_retargeting/opt/__pycache__	82684	REGENERABLE_CACHE	DELETE_CANDIDATE	Python bytecode cache; no deletion in Phase 0-2
02_training_dataset/assets/wuji2_factory/04_pipeline/engine/configurable_object/grasp_generation/utils/__pycache__	48800	REGENERABLE_CACHE	DELETE_CANDIDATE	Python bytecode cache; no deletion in Phase 0-2
02_training_dataset/code/__pycache__	141528	REGENERABLE_CACHE	DELETE_CANDIDATE	Python bytecode cache; no deletion in Phase 0-2
03_prediction_network/official_core/src/__pycache__	4320	REGENERABLE_CACHE	DELETE_CANDIDATE	Python bytecode cache; no deletion in Phase 0-2
03_prediction_network/official_core/src/demo/__pycache__	41292	REGENERABLE_CACHE	DELETE_CANDIDATE	Python bytecode cache; no deletion in Phase 0-2
03_prediction_network/official_core/src/eval/__pycache__	60369	REGENERABLE_CACHE	DELETE_CANDIDATE	Python bytecode cache; no deletion in Phase 0-2
03_prediction_network/official_core/src/network/__pycache__	37133	REGENERABLE_CACHE	DELETE_CANDIDATE	Python bytecode cache; no deletion in Phase 0-2
03_prediction_network/official_core/src/network/backbones/__pycache__	14110	REGENERABLE_CACHE	DELETE_CANDIDATE	Python bytecode cache; no deletion in Phase 0-2
03_prediction_network/official_core/src/preprocess/__pycache__	31999	REGENERABLE_CACHE	DELETE_CANDIDATE	Python bytecode cache; no deletion in Phase 0-2
03_prediction_network/official_core/src/utils/__pycache__	91342	REGENERABLE_CACHE	DELETE_CANDIDATE	Python bytecode cache; no deletion in Phase 0-2
03_prediction_network/official_core/src/utils/data_evaluator/__pycache__	13156	REGENERABLE_CACHE	DELETE_CANDIDATE	Python bytecode cache; no deletion in Phase 0-2
03_prediction_network/official_core/src/utils/simulator/__pycache__	27705	REGENERABLE_CACHE	DELETE_CANDIDATE	Python bytecode cache; no deletion in Phase 0-2
04_training/__pycache__	9437	REGENERABLE_CACHE	DELETE_CANDIDATE	Python bytecode cache; no deletion in Phase 0-2
04_training/scripts/__pycache__	34309	REGENERABLE_CACHE	DELETE_CANDIDATE	Python bytecode cache; no deletion in Phase 0-2
05_inference/__pycache__	28831	REGENERABLE_CACHE	DELETE_CANDIDATE	Python bytecode cache; no deletion in Phase 0-2
06_leap_to_wuji2_final_pipeline/00_shared/isaacsim/__pycache__	30460	REGENERABLE_CACHE	DELETE_CANDIDATE	Python bytecode cache; no deletion in Phase 0-2
06_leap_to_wuji2_final_pipeline/00_shared/lib/__pycache__	75141	REGENERABLE_CACHE	DELETE_CANDIDATE	Python bytecode cache; no deletion in Phase 0-2
06_leap_to_wuji2_final_pipeline/01_cases/live_scene0000_ashtray_official_best/06_isaacsim/__pycache__	2624	REGENERABLE_CACHE	DELETE_CANDIDATE	Python bytecode cache; no deletion in Phase 0-2
06_leap_to_wuji2_final_pipeline/01_cases/scene0001_view0001_official_rank0/06_isaacsim/__pycache__	9667	REGENERABLE_CACHE	DELETE_CANDIDATE	Python bytecode cache; no deletion in Phase 0-2
06_leap_to_wuji2_final_pipeline/01_cases/scene0002_view0007_official_rank0/06_isaacsim/__pycache__	2574	REGENERABLE_CACHE	DELETE_CANDIDATE	Python bytecode cache; no deletion in Phase 0-2
06_leap_to_wuji2_final_pipeline/01_cases/scene0003_view0005_official_rank0/06_isaacsim/__pycache__	2574	REGENERABLE_CACHE	DELETE_CANDIDATE	Python bytecode cache; no deletion in Phase 0-2
06_leap_to_wuji2_final_pipeline/01_cases/scene0006_view0005_official_rank0/06_isaacsim/__pycache__	2574	REGENERABLE_CACHE	DELETE_CANDIDATE	Python bytecode cache; no deletion in Phase 0-2
06_leap_to_wuji2_final_pipeline/01_cases/scene0009_view0004_official_rank0_pinky_ring/06_isaacsim/__pycache__	32897	REGENERABLE_CACHE	DELETE_CANDIDATE	Python bytecode cache; no deletion in Phase 0-2
06_leap_to_wuji2_final_pipeline/02_scripts/__pycache__	119834	REGENERABLE_CACHE	DELETE_CANDIDATE	Python bytecode cache; no deletion in Phase 0-2
06_leap_to_wuji2_final_pipeline/04_verified_baseline/scene0001_view0001_official_rank0/runtime/__pycache__	31085	REGENERABLE_CACHE	DELETE_CANDIDATE	Python bytecode cache; no deletion in Phase 0-2
06_leap_to_wuji2_final_pipeline/04_verified_baseline/scene0001_view0001_official_rank0/scripts/__pycache__	2454	REGENERABLE_CACHE	DELETE_CANDIDATE	Python bytecode cache; no deletion in Phase 0-2
06_leap_to_wuji2_final_pipeline/99_archive/duplicate_pre_unification/scene0001_view0001_official_rank0_leap_style_root/__pycache__	2672	REGENERABLE_CACHE	DELETE_CANDIDATE	Python bytecode cache; no deletion in Phase 0-2
06_leap_to_wuji2_final_pipeline/99_archive/nonpreferred_cases/scene0004_view0007_official_rank0/06_isaacsim/__pycache__	2616	REGENERABLE_CACHE	DELETE_CANDIDATE	Python bytecode cache; no deletion in Phase 0-2
06_leap_to_wuji2_final_pipeline/99_archive/obsolete_failed_cases/scene0000_object14_ashtray_candidate0283/06_isaacsim/__pycache__	2622	REGENERABLE_CACHE	DELETE_CANDIDATE	Python bytecode cache; no deletion in Phase 0-2
06_leap_to_wuji2_final_pipeline/__pycache__	20001	REGENERABLE_CACHE	DELETE_CANDIDATE	Python bytecode cache; no deletion in Phase 0-2
07_wuji2_network_3p3r_sim/00_config/__pycache__	333	REGENERABLE_CACHE	DELETE_CANDIDATE	Python bytecode cache; no deletion in Phase 0-2
07_wuji2_network_3p3r_sim/01_cases/selected_native_case/05_isaacsim/__pycache__	2428	REGENERABLE_CACHE	DELETE_CANDIDATE	Python bytecode cache; no deletion in Phase 0-2
07_wuji2_network_3p3r_sim/02_scripts/__pycache__	56825	REGENERABLE_CACHE	DELETE_CANDIDATE	Python bytecode cache; no deletion in Phase 0-2
07_wuji2_network_3p3r_sim/03_runtime/__pycache__	31541	REGENERABLE_CACHE	DELETE_CANDIDATE	Python bytecode cache; no deletion in Phase 0-2
08_dual_arm_scene_layout/isaaclab_control/report_demo/scripts/__pycache__	18539	REGENERABLE_CACHE	DELETE_CANDIDATE	Python bytecode cache; no deletion in Phase 0-2
08_dual_arm_scene_layout/isaaclab_control/scripts/__pycache__	538662	REGENERABLE_CACHE	DELETE_CANDIDATE	Python bytecode cache; no deletion in Phase 0-2
08_dual_arm_scene_layout/scripts/__pycache__	79810	REGENERABLE_CACHE	DELETE_CANDIDATE	Python bytecode cache; no deletion in Phase 0-2
__pycache__	6550	REGENERABLE_CACHE	DELETE_CANDIDATE	Python bytecode cache; no deletion in Phase 0-2
src/wuji2_dgn2/__pycache__	87008	REGENERABLE_CACHE	DELETE_CANDIDATE	Python bytecode cache; no deletion in Phase 0-2
trimesh/__pycache__	33787	REGENERABLE_CACHE	DELETE_CANDIDATE	Python bytecode cache; no deletion in Phase 0-2
08_dual_arm_scene_layout/isaaclab_control/outputs/full_pick_place_25s_dog_candidate3800/videos	30599387	REJECTED_MP4_EXPORT	DELETE_CANDIDATE	User rejected per-frame/video export; stable replay assets excluded
08_dual_arm_scene_layout/isaaclab_control/export_replay_mp4.sh	571	REJECTED_MP4_EXPORT	DELETE_CANDIDATE	Disable/remove only after stable replay code is confirmed
06_leap_to_wuji2_final_pipeline/01_cases/live_dynamic_scene0000_ashtray_candidate121	662208	REGENERABLE_CASE	ARCHIVE_CANDIDATE	Not authorized for deletion; reduce only after user approval
06_leap_to_wuji2_final_pipeline/01_cases/live_dynamic_scene0000_ashtray_candidate163	656325	REGENERABLE_CASE	ARCHIVE_CANDIDATE	Not authorized for deletion; reduce only after user approval
06_leap_to_wuji2_final_pipeline/01_cases/live_dynamic_scene0000_ashtray_candidate226	662216	REGENERABLE_CASE	ARCHIVE_CANDIDATE	Not authorized for deletion; reduce only after user approval
06_leap_to_wuji2_final_pipeline/01_cases/live_dynamic_scene0000_ashtray_candidate23	656424	REGENERABLE_CASE	ARCHIVE_CANDIDATE	Not authorized for deletion; reduce only after user approval
06_leap_to_wuji2_final_pipeline/01_cases/live_dynamic_scene0000_ashtray_candidate285	656430	REGENERABLE_CASE	ARCHIVE_CANDIDATE	Not authorized for deletion; reduce only after user approval
06_leap_to_wuji2_final_pipeline/01_cases/live_dynamic_scene0000_ashtray_candidate288	656412	REGENERABLE_CASE	ARCHIVE_CANDIDATE	Not authorized for deletion; reduce only after user approval
06_leap_to_wuji2_final_pipeline/01_cases/live_dynamic_scene0000_ashtray_candidate311	656299	REGENERABLE_CASE	ARCHIVE_CANDIDATE	Not authorized for deletion; reduce only after user approval
06_leap_to_wuji2_final_pipeline/01_cases/live_dynamic_scene0000_ashtray_candidate331	656388	REGENERABLE_CASE	ARCHIVE_CANDIDATE	Not authorized for deletion; reduce only after user approval
06_leap_to_wuji2_final_pipeline/01_cases/live_dynamic_scene0000_ashtray_candidate39	656235	REGENERABLE_CASE	ARCHIVE_CANDIDATE	Not authorized for deletion; reduce only after user approval
06_leap_to_wuji2_final_pipeline/01_cases/live_dynamic_scene0000_ashtray_candidate423	656301	REGENERABLE_CASE	ARCHIVE_CANDIDATE	Not authorized for deletion; reduce only after user approval
06_leap_to_wuji2_final_pipeline/01_cases/live_dynamic_scene0000_ashtray_candidate428	656428	REGENERABLE_CASE	ARCHIVE_CANDIDATE	Not authorized for deletion; reduce only after user approval
06_leap_to_wuji2_final_pipeline/01_cases/live_dynamic_scene0000_ashtray_candidate458	662399	REGENERABLE_CASE	ARCHIVE_CANDIDATE	Not authorized for deletion; reduce only after user approval
06_leap_to_wuji2_final_pipeline/01_cases/live_dynamic_scene0000_ashtray_candidate474	656379	REGENERABLE_CASE	ARCHIVE_CANDIDATE	Not authorized for deletion; reduce only after user approval
06_leap_to_wuji2_final_pipeline/01_cases/live_dynamic_scene0000_ashtray_candidate52	662250	REGENERABLE_CASE	ARCHIVE_CANDIDATE	Not authorized for deletion; reduce only after user approval
06_leap_to_wuji2_final_pipeline/01_cases/live_dynamic_scene0000_ashtray_candidate59	656264	REGENERABLE_CASE	ARCHIVE_CANDIDATE	Not authorized for deletion; reduce only after user approval
06_leap_to_wuji2_final_pipeline/01_cases/live_dynamic_scene0000_ashtray_candidate657	656444	REGENERABLE_CASE	ARCHIVE_CANDIDATE	Not authorized for deletion; reduce only after user approval
06_leap_to_wuji2_final_pipeline/01_cases/live_dynamic_scene0000_ashtray_candidate670	656346	REGENERABLE_CASE	ARCHIVE_CANDIDATE	Not authorized for deletion; reduce only after user approval
06_leap_to_wuji2_final_pipeline/01_cases/live_dynamic_scene0000_ashtray_candidate692	656074	REGENERABLE_CASE	ARCHIVE_CANDIDATE	Not authorized for deletion; reduce only after user approval
06_leap_to_wuji2_final_pipeline/01_cases/live_dynamic_scene0000_ashtray_candidate704	650469	REGENERABLE_CASE	ARCHIVE_CANDIDATE	Not authorized for deletion; reduce only after user approval
06_leap_to_wuji2_final_pipeline/01_cases/live_dynamic_scene0000_ashtray_candidate713	656221	REGENERABLE_CASE	ARCHIVE_CANDIDATE	Not authorized for deletion; reduce only after user approval
06_leap_to_wuji2_final_pipeline/01_cases/live_dynamic_scene0000_ashtray_candidate734	656426	REGENERABLE_CASE	ARCHIVE_CANDIDATE	Not authorized for deletion; reduce only after user approval
06_leap_to_wuji2_final_pipeline/01_cases/live_dynamic_scene0000_ashtray_candidate736	656274	REGENERABLE_CASE	ARCHIVE_CANDIDATE	Not authorized for deletion; reduce only after user approval
06_leap_to_wuji2_final_pipeline/01_cases/live_dynamic_scene0000_ashtray_candidate747	656527	REGENERABLE_CASE	ARCHIVE_CANDIDATE	Not authorized for deletion; reduce only after user approval
06_leap_to_wuji2_final_pipeline/01_cases/live_dynamic_scene0000_ashtray_candidate768	656360	REGENERABLE_CASE	ARCHIVE_CANDIDATE	Not authorized for deletion; reduce only after user approval
06_leap_to_wuji2_final_pipeline/01_cases/live_dynamic_scene0000_ashtray_candidate779	656172	REGENERABLE_CASE	ARCHIVE_CANDIDATE	Not authorized for deletion; reduce only after user approval
06_leap_to_wuji2_final_pipeline/01_cases/live_dynamic_scene0000_ashtray_candidate780	656467	REGENERABLE_CASE	ARCHIVE_CANDIDATE	Not authorized for deletion; reduce only after user approval
06_leap_to_wuji2_final_pipeline/01_cases/live_dynamic_scene0000_ashtray_candidate98	656183	REGENERABLE_CASE	ARCHIVE_CANDIDATE	Not authorized for deletion; reduce only after user approval
06_leap_to_wuji2_final_pipeline/01_cases/live_dynamic_scene0000_dog_candidate34	677309	REGENERABLE_CASE	ARCHIVE_CANDIDATE	Not authorized for deletion; reduce only after user approval
06_leap_to_wuji2_final_pipeline/01_cases/live_scene0000_ashtray_armreachable_candidate0336	49050706	REGENERABLE_CASE	ARCHIVE_CANDIDATE	Not authorized for deletion; reduce only after user approval
06_leap_to_wuji2_final_pipeline/01_cases/live_scene0000_ashtray_fullflow_candidate0191	49059565	REGENERABLE_CASE	ARCHIVE_CANDIDATE	Not authorized for deletion; reduce only after user approval
06_leap_to_wuji2_final_pipeline/01_cases/live_scene0000_ashtray_fullflow_candidate0597	49053670	REGENERABLE_CASE	ARCHIVE_CANDIDATE	Not authorized for deletion; reduce only after user approval
06_leap_to_wuji2_final_pipeline/01_cases/live_scene0000_ashtray_isaaclab_candidate0274	49078646	REGENERABLE_CASE	ARCHIVE_CANDIDATE	Not authorized for deletion; reduce only after user approval
06_leap_to_wuji2_final_pipeline/01_cases/live_scene0000_ashtray_official_best	49006961	REGENERABLE_CASE	ARCHIVE_CANDIDATE	Not authorized for deletion; reduce only after user approval
06_leap_to_wuji2_final_pipeline/01_cases/scene0001_view0001_official_rank0	49455119	REGENERABLE_CASE	ARCHIVE_CANDIDATE	Not authorized for deletion; reduce only after user approval
06_leap_to_wuji2_final_pipeline/01_cases/scene0002_view0007_official_rank0	49470373	REGENERABLE_CASE	ARCHIVE_CANDIDATE	Not authorized for deletion; reduce only after user approval
06_leap_to_wuji2_final_pipeline/01_cases/scene0003_view0005_official_rank0	49470812	REGENERABLE_CASE	ARCHIVE_CANDIDATE	Not authorized for deletion; reduce only after user approval
06_leap_to_wuji2_final_pipeline/01_cases/scene0006_view0005_official_rank0	49431836	REGENERABLE_CASE	ARCHIVE_CANDIDATE	Not authorized for deletion; reduce only after user approval
06_leap_to_wuji2_final_pipeline/01_cases/scene0009_view0004_official_rank0_pinky_ring	50381778	REGENERABLE_CASE	ARCHIVE_CANDIDATE	Not authorized for deletion; reduce only after user approval
